RestaurantID,RestaurantName,PhoneNumber,NeighborhoodID,Address1,City,State1,Zip,RestaurantTypeID
1,Brittanys Tacos,+1-723-856-1325,9,5276 Spence Shoal,Campbellbury,IL,43894,10
2,Kyles Grill,8981621971,8,5314 Andre Glen Suite 205,Martintown,NC,19667,3
3,Michaels Bistro,938.382.9827x43,9,6105 Donna Squares,Rodriguezfort,MA,68843,9
4,Michaels Bistro,001-070-052-047,16,6549 Gonzalez Estates,Fordberg,MO,85251,3
5,Sherris Diner,102.857.3864,4,351 Vanessa Plain Apt. 632,South Dakotaview,GA,66970,1
6,Timothys Cafe,149.083.6317,5,18523 Anthony Views Suite 361,Williamsland,NJ,17873,7
7,Brians Pizza,231.328.8639x27,18,073 Mark Summit,Foxville,KS,71699,7
8,Kyles Grill,(567)925-7874,16,762 Maldonado Trafficway Apt. 603,West Ashley,MA,86909,8
9,Kyles Grill,001-159-939-052,3,3842 Gill Drive,Christopherfurt,ND,93407,9
10,Johns Kitchen,(010)649-3546x9,11,735 Jennifer Locks,Collinsfurt,IL,55881,5
11,Seans House,+1-619-790-8373,8,3461 Daniel Ford,Lake George,AR,02349,10
12,Brittanys Tacos,034-599-8865x64,19,280 Kirsten Gardens Apt. 884,Port Nancychester,WA,18428,9
13,Johns Kitchen,001-995-834-059,20,82887 Dixon Oval Suite 591,East Ashley,FL,42972,5
14,Samuels Corner,+1-233-468-4272,3,72003 Miller Knolls,North Misty,CA,98319,4
15,Timothys Cafe,001-570-111-165,11,9758 Davis Ways,East Andrew,NH,25684,7
16,Brians Pizza,816.376.3256,13,43846 Joseph Row,Theresaport,TN,99891,3
17,Michaels Bistro,(198)847-9812x0,13,77912 Thomas Island,West Curtis,OK,45159,5
18,Kyles Grill,894-562-1748x19,18,454 Ronald Island Suite 767,Connorstad,AR,63415,2
19,Seans House,056.669.7127x64,14,1430 Greene Gateway Apt. 876,Lake Saraport,OR,64562,9
20,Michaels Bistro,(191)777-7960x7,8,1115 Lawrence Grove Suite 028,Hortonchester,ID,69845,7
21,Timothys Cafe,135-723-9725x87,8,5928 Nicholas Vista,South Thomasside,SD,08881,3
22,Johns Kitchen,7247687938,9,485 Caitlin Springs Apt. 804,East Catherinefurt,IL,33677,4
23,Timothys Cafe,810.773.1149,4,16223 Hood Locks Suite 802,Jacksonside,NE,52218,7
24,Gabrielles Table,(066)093-4940x0,10,723 Murphy Oval,South Timothy,IL,02495,10
25,Michaels Bistro,001-273-357-763,3,868 Jay Mission,West Brandonfort,ID,25466,1
26,Kyles Grill,161.419.0367,4,9450 Shawn Forks,Bennetthaven,IA,02972,4
27,Samuels Corner,602-939-5533,3,2740 Williams Camp,Blankenshipburgh,WV,73143,7
28,Samuels Corner,001-251-731-365,11,1046 Gregory Harbors,West Grant,RI,28049,3
29,Seans House,068-929-6461x91,19,1673 Laura Club,West Lisa,SC,93824,9
30,Kyles Grill,000-872-0029,7,8323 Mary Mountain Apt. 810,North Benjaminmouth,WA,78931,10
31,Seans House,+1-733-166-9984,4,7771 Nunez Lane,Williambury,AL,36702,2
32,Samuels Corner,184-958-9483x52,19,73665 Jacobs Union Suite 299,Jilliantown,NH,61963,8
33,Kyles Grill,001-023-555-451,12,8111 Hill Turnpike Suite 267,East Phillip,NC,96454,8
34,Kyles Grill,(030)706-5930x9,5,42029 Emily Manor,North Stephanie,CT,67258,6
35,Johns Kitchen,442.942.1533,11,2240 Seth Court,Jessicatown,NE,77190,7
36,Johns Kitchen,853.275.8655,13,794 Oliver Coves,Tarashire,WV,23209,7
37,Brittanys Tacos,001-185-877-436,19,2674 Hanson Stream Suite 915,South Lauren,AL,61674,3
38,Timothys Cafe,1138954788,1,28622 Lawson Manors,Chaveztown,NV,28820,1
39,Kyles Grill,654.564.9757,10,1398 Gibbs Squares,Lake Edward,NJ,64297,6
40,Sherris Diner,657.249.3956x79,2,4027 Betty Ways Suite 239,Wagnerborough,WA,65104,7
41,Johns Kitchen,410-386-7125,19,055 Nichols Ridges,East Deborah,TX,99358,4
42,Seans House,234.866.1447x38,18,88085 Jennifer River Apt. 367,Rossshire,WI,36132,5
43,Johns Kitchen,717-259-4943x23,7,1112 Jessica Ports,Edwardsborough,AR,12597,2
44,Brians Pizza,+1-908-572-5748,13,00584 Larry Islands Apt. 525,East Nicholas,OK,07159,2
45,Samuels Corner,(282)186-8228,14,654 William Tunnel Apt. 979,Elliottville,MS,62198,2
46,Brittanys Tacos,124.290.1583,11,6262 Mendez Flats Apt. 925,Suareztown,PA,56866,6
47,Kyles Grill,+1-153-934-6618,12,67767 Joel Burg Suite 109,Lake Brittanyfurt,LA,89933,10
48,Kyles Grill,194.757.7851,5,681 Howard Plain Suite 264,Lisaview,TX,30595,6
49,Johns Kitchen,113.984.0411,17,00228 Amy Canyon,New Joelbury,DE,14757,1
50,Gabrielles Table,001-771-680-064,20,7773 Glenn Cove Apt. 678,South Patricktown,DC,08447,4
51,Johns Kitchen,201-240-5506,19,57927 Teresa Highway Apt. 243,Jaimefurt,VT,03473,5
52,Brians Pizza,1656127058,8,0009 Morales Stravenue Apt. 380,Jacobland,DC,71926,3
53,Brittanys Tacos,001-415-548-898,4,8929 Vega Meadow,Port Emma,HI,45951,9
54,Brittanys Tacos,(698)405-0469x4,13,03678 Smith Walks Apt. 550,Garzahaven,MN,90692,2
55,Kyles Grill,735-661-6895x66,1,84045 Sara Fall Suite 993,Dawsonfort,KS,98327,2
56,Samuels Corner,(882)305-0463,18,418 Laura Rest,Sharishire,GA,34994,4
57,Brittanys Tacos,(058)865-6276x7,15,022 Turner Harbors,Shawport,MD,15344,10
58,Michaels Bistro,211-507-3249x74,11,686 Lang Prairie Apt. 248,New Michele,SC,59414,1
59,Samuels Corner,(265)802-9033x2,5,6456 Hernandez Port Apt. 069,Victorialand,FL,54925,5
60,Samuels Corner,+1-575-849-7044,10,234 Lee Springs,Shaneport,NY,70216,4
61,Johns Kitchen,+1-589-774-5708,8,174 Kimberly Ridges,Carlaview,MA,53850,9
62,Seans House,1828595868,16,4267 Mack Mission Suite 867,Brandonchester,TN,94513,4
63,Brittanys Tacos,001-959-847-230,15,07742 Emily Lock,Steeleport,MA,75616,1
64,Seans House,001-867-686-910,5,37841 Robinson Camp Suite 669,Williamville,PA,16713,4
65,Brittanys Tacos,440.650.3337x51,20,9653 Fernando Inlet,Andrewmouth,KY,79020,5
66,Samuels Corner,137.144.2684,10,148 Hawkins Run,North Jeannebury,FL,88348,2
67,Samuels Corner,2786812649,5,86464 Curry Meadows,Horneton,AK,72328,10
68,Kyles Grill,6603175234,2,282 John Bypass,Elizabethview,VT,40806,10
69,Timothys Cafe,(777)337-9223,20,44320 Gray Falls,Samuelville,AZ,97547,1
70,Johns Kitchen,(512)854-5952,11,56594 Wang Cape Suite 138,Reynoldstown,TN,89015,10
71,Seans House,892-721-0723,10,23076 Ramirez Vista,Alexmouth,KY,47877,8
72,Gabrielles Table,995-949-6909,17,72391 Laura Rapids,East Julie,WV,78851,1
73,Timothys Cafe,+1-300-229-0997,4,949 Paul Street Suite 397,Jeffreyhaven,NM,34075,1
74,Samuels Corner,0074930934,9,02986 Christina Mews,South Pamela,AK,99824,6
75,Michaels Bistro,336-323-4581x17,19,253 Amy Roads,Lake Ericaport,KS,44887,2
76,Kyles Grill,328-157-1861,16,1238 Holloway Causeway Apt. 390,New Jennifer,MN,93470,5
77,Kyles Grill,9634285161,7,873 Kidd Curve,Lawrenceburgh,NE,77118,1
78,Johns Kitchen,(699)897-3277,16,49087 Massey Lodge Apt. 355,Harrisfurt,MN,64494,6
79,Samuels Corner,(963)379-5340x6,10,28043 Scott Light,South Danielbury,VT,43603,5
80,Kyles Grill,848-173-1585x25,13,694 Melissa Garden Apt. 960,Mcmahonburgh,AZ,23182,7
81,Samuels Corner,8759391029,2,24721 Richardson Run,Smithborough,KS,78350,9
82,Michaels Bistro,213-795-0477,11,0650 Caleb Unions,New Trevorland,MA,65299,4
83,Samuels Corner,(910)959-6567,5,7373 Shannon Shore Apt. 326,Warnerland,WY,62179,6
84,Sherris Diner,2395754621,7,633 Jason Plain Apt. 510,Port Willie,WV,09164,7
85,Gabrielles Table,001-624-483-590,8,54810 Torres Dam Suite 697,New Alecbury,NH,43158,6
86,Brians Pizza,+1-023-396-9413,2,81781 Patrick Plains Apt. 761,Franklinchester,WA,07824,3
87,Timothys Cafe,0578777614,6,29353 Lang Dam,Jonesburgh,MI,15801,2
88,Brittanys Tacos,001-971-651-631,16,2714 Graham Meadows Apt. 472,West Kendratown,AL,64045,6
89,Seans House,553-094-6800x40,13,777 Pena Hill Apt. 723,New Kennethberg,AR,24242,7
90,Samuels Corner,812-007-8655x03,10,2877 Gonzales Trail,Port Danielmouth,NE,63599,9
91,Seans House,536-551-6655x62,6,671 Stephen Ways,Beverlyhaven,MA,12587,2
92,Sherris Diner,(577)762-6854x0,1,04955 Wright Crossing,South Eric,OK,95846,9
93,Michaels Bistro,001-489-814-204,18,26296 Nicholas Inlet,West Jeremy,KY,59103,3
94,Sherris Diner,7725045987,13,39701 Steven Drives,Saraburgh,OR,32939,1
95,Johns Kitchen,+1-359-114-6000,11,4288 Bush Neck Apt. 763,East Austinberg,MS,01334,10
96,Johns Kitchen,308-374-1406,14,3704 Wolf Tunnel,Jesseburgh,NM,05265,7
97,Sherris Diner,+1-211-265-0905,16,4058 Oliver Track,East Jeffmouth,WI,55476,8
98,Brians Pizza,9172771724,12,50450 Cooper Roads,Port Mirandachester,GA,30952,10
99,Samuels Corner,(819)257-9406,13,70910 Alexandra Tunnel,Port Nicoleborough,SC,69787,1
100,Brittanys Tacos,8913183734,13,14077 Hill Rapid,Port Matthewview,OR,80178,5
101,Gabrielles Table,327-852-1700,3,8953 Johnson Stream Suite 674,North Brittany,MT,30055,3
102,Timothys Cafe,001-963-874-571,17,5985 Williams Valley Suite 071,New Jonathanshire,GA,77662,3
103,Brians Pizza,(377)967-6672,10,02038 Vazquez Rue Suite 930,Wilcoxside,OR,48249,8
104,Samuels Corner,326.632.0277x34,10,34611 Aguilar Key Apt. 985,West Robin,NJ,94999,2
105,Gabrielles Table,+1-412-622-7617,7,470 Santos Brooks,East Kristaburgh,MO,16264,2
106,Sherris Diner,+1-106-567-4845,18,7308 Keith Squares,West Amber,NC,37602,4
107,Sherris Diner,576.807.4891,13,8450 Shawn Crossroad,Ericborough,WY,75986,4
108,Seans House,023-680-8686,4,96144 Vanessa Ways Apt. 057,Port Davidchester,ME,30859,3
109,Brians Pizza,(997)615-7435,5,692 White Shoal Apt. 034,Johnsonmouth,UT,75973,3
110,Samuels Corner,(241)900-5210x4,11,69505 Marc Gateway,North Becky,MA,91005,9
111,Timothys Cafe,001-458-274-294,19,306 Henry Plain Apt. 218,West Carlyview,WA,80619,9
112,Brians Pizza,582.024.1006x35,2,9960 Rivers Lodge Apt. 027,West Dannyshire,MI,70753,10
113,Timothys Cafe,827-371-0528x37,10,84492 Newton Pike Suite 349,Josephberg,NV,91104,9
114,Johns Kitchen,(176)941-7021x6,15,24305 Phillips Mountains Suite 839,Samanthaberg,IN,59017,6
115,Gabrielles Table,001-473-455-285,6,4824 Malone Bypass Suite 960,Port Kimberly,NY,44127,8
116,Samuels Corner,418.470.6634,19,27019 Riggs Curve,Hostad,SD,31719,3
117,Sherris Diner,001-848-516-380,5,4810 Ricardo Inlet Suite 602,Williamfort,FL,61353,6
118,Johns Kitchen,7079369524,15,23885 Virginia Islands Suite 188,East Jasontown,IN,18268,5
119,Michaels Bistro,(411)316-1529,16,0652 Aguilar Place,Castanedaview,MI,32833,6
120,Gabrielles Table,+1-836-250-6765,10,879 Joseph Drive,Lake Nicholaschester,HI,15474,10
121,Gabrielles Table,469.481.8352,5,4683 John Pine,Deniseton,VT,53835,7
122,Johns Kitchen,(780)020-6029x0,7,38155 Hogan Extension Suite 540,East Jessicaton,RI,27122,1
123,Brittanys Tacos,+1-829-037-4940,7,0215 Alexander Path Suite 436,Perryfort,ID,55407,7
124,Timothys Cafe,272-525-3467,7,0413 Olivia Keys,South Daniel,AK,65528,4
125,Michaels Bistro,384.559.0582,1,0138 Danielle Inlet Apt. 100,Bryanthaven,NM,00666,4
126,Michaels Bistro,001-241-764-424,12,71866 Andrade Key,Carrieberg,KY,41015,10
127,Michaels Bistro,591-035-8863x15,19,402 Rodriguez Shores Apt. 382,Robertsshire,AZ,50185,10
128,Kyles Grill,(663)826-1172x2,4,718 Joshua Valleys,Port Darlenechester,TN,02090,2
129,Timothys Cafe,+1-311-301-1260,5,4823 Wade Manors,New Anthony,MT,92248,3
130,Michaels Bistro,(387)372-0564x7,13,6386 Brandon Throughway,South Stephen,HI,05189,10
131,Seans House,196.107.6801,14,59386 Hannah Loaf,Turnerchester,MS,84048,8
132,Seans House,(355)926-0511,6,26944 Elizabeth Gardens Apt. 269,Whiteview,MD,34540,2
133,Samuels Corner,731.770.1577,2,164 Donald Springs,Sheltonbury,NM,48465,1
134,Timothys Cafe,(827)210-4920,4,9295 Janice Ways Apt. 544,Charlesport,AL,38587,3
135,Samuels Corner,+1-986-159-5171,12,448 Bell Field,Youngfurt,MI,21883,5
136,Samuels Corner,+1-771-816-4358,16,068 Brooks Crescent Suite 517,Stevenport,ME,57982,9
137,Timothys Cafe,802-744-6882x05,6,0455 Catherine Loop Apt. 143,Campbelltown,IA,63133,2
138,Samuels Corner,+1-329-994-3496,2,461 Steve Valley,Lake Samanthafort,VT,82699,8
139,Brians Pizza,001-515-823-727,4,84154 Grace Junction,East Beverly,WA,65070,2
140,Brittanys Tacos,477-877-1037,17,0199 Palmer Grove,Greenberg,WI,11228,8
141,Timothys Cafe,169-961-9380x78,11,2428 John Landing Apt. 372,Arthurmouth,AK,76308,6
142,Sherris Diner,+1-612-817-8597,19,29370 Lowe Ways Apt. 391,Port Mandymouth,ME,05901,3
143,Kyles Grill,809-291-8645x65,14,31939 Cox Extension Suite 214,East Jackville,ME,68941,5
144,Seans House,(526)820-2186,5,34370 Reginald Wall,East Jesseburgh,AZ,09950,3
145,Johns Kitchen,099.065.7622,13,9526 Debbie Circles,Dianeshire,MN,08354,2
146,Seans House,314-766-7096x59,8,3102 Andrew Forest,West Paulborough,AZ,86663,5
147,Michaels Bistro,(835)867-7297x3,2,97349 Vega Prairie,North Tammy,AZ,58314,10
148,Johns Kitchen,(449)171-4961x8,4,455 Watson Park,East Daniel,WI,20392,6
149,Michaels Bistro,691-188-3237x54,8,501 Leon Shoals Suite 144,Calderonchester,SC,20073,6
150,Michaels Bistro,058-655-7532x72,13,73262 Dustin Circle,Taylorberg,UT,78182,2
151,Seans House,+1-795-792-0452,16,355 Brandon Fall,West Lauren,PA,41322,2
152,Samuels Corner,(277)948-7598,10,81362 Jillian Causeway,Port Briana,IN,40482,3
153,Michaels Bistro,+1-442-664-2521,20,799 Stone Bypass,Lake Sherry,ME,35817,8
154,Michaels Bistro,394-896-8829,6,79892 Michelle Fords Suite 689,Port Brandonhaven,MD,86052,5
155,Seans House,+1-436-106-3758,13,46203 Tiffany Track,Thomasville,OR,30105,8
156,Timothys Cafe,825.826.1968,3,35100 Stanley Walks Suite 785,East Sarahside,NY,73209,5
157,Brittanys Tacos,489.757.3123x38,15,07729 Martinez Pass Suite 207,Daleview,CT,64821,8
158,Michaels Bistro,749.490.6849x21,13,64469 Sullivan Hills Suite 740,Williamshaven,UT,97806,3
159,Brittanys Tacos,+1-597-639-3372,9,008 Padilla Drive Apt. 889,Andrewville,LA,65896,2
160,Sherris Diner,688.255.8799x05,15,4681 Burke Haven,Port Ginaburgh,DE,26525,10
161,Johns Kitchen,+1-307-602-9592,12,9195 Marc Circles,Gutierrezchester,ID,05938,8
162,Timothys Cafe,(016)106-9071,1,4008 Carol Corners Suite 573,Port Robertville,KS,45056,1
163,Johns Kitchen,954-128-9566x76,4,551 Cochran Gateway Suite 288,West Hayden,KS,43442,6
164,Kyles Grill,(265)996-7016,4,27721 Hammond Ports,Richardshire,SC,70603,5
165,Timothys Cafe,001-243-760-502,3,7796 Roberts Loop Suite 940,New Amytown,ID,22147,7
166,Johns Kitchen,366.879.4575,4,080 Jamie Crest Suite 620,East Robin,GA,91414,7
167,Gabrielles Table,360-406-3725x41,16,7203 Jensen Plains,Lake Michaelfort,NC,03324,10
168,Kyles Grill,536-123-1826x36,17,379 Cochran Prairie Suite 756,North Matthew,NV,97053,3
169,Sherris Diner,(283)607-8433x4,8,53513 Nguyen Harbors,Simston,NE,52494,8
170,Brians Pizza,+1-156-870-5865,1,8907 Kathryn Locks Suite 613,North Stacey,KY,84882,6
171,Seans House,711-769-7371x30,19,659 Hall Overpass,Lake Joelmouth,NM,52375,9
172,Michaels Bistro,001-951-042-089,19,52660 Zimmerman Fort Suite 069,Port Kristopher,MN,75138,10
173,Samuels Corner,+1-081-858-3513,19,32213 Baker Track,Elizabethfurt,WV,34535,6
174,Timothys Cafe,001-517-782-799,16,990 Ashley Ports,West Terri,UT,43644,6
175,Johns Kitchen,001-219-837-694,9,471 Cheyenne Hill,East Amberton,DE,93329,2
176,Johns Kitchen,443-092-6847x30,4,239 Johnson Pines Apt. 698,Coryfurt,IN,54944,7
177,Michaels Bistro,249.793.2738,19,2811 Lloyd Place Apt. 786,Beasleyborough,IN,94651,9
178,Michaels Bistro,+1-970-235-6599,6,737 Karl Road Apt. 256,Port Samantha,ME,65451,8
179,Brians Pizza,+1-192-445-5613,13,9628 Reed Glen Suite 595,Port Jenniferbury,ID,32580,5
180,Sherris Diner,984.160.6201,16,775 Smith Lock Apt. 614,New Deborah,SD,80885,1
181,Michaels Bistro,(750)547-8038,14,4850 Mary Cliff,Bettyborough,MA,99665,10
182,Brians Pizza,433.957.0680x44,10,5030 Melanie Stream Apt. 319,Barkerside,VT,82476,1
183,Sherris Diner,(913)191-1502x5,19,05108 Garrett Brooks Apt. 315,Brendaberg,VT,61967,4
184,Timothys Cafe,474-214-7319,5,8280 Dawn Spur Suite 544,Sylviaville,CO,13079,9
185,Gabrielles Table,+1-694-570-5473,4,717 Joseph Villages Suite 265,New Daniel,SC,11842,1
186,Michaels Bistro,692-342-6666x19,11,080 Ashlee Station Apt. 725,New John,AR,50757,3
187,Sherris Diner,2461258566,3,481 Robert Stream Suite 602,Adamchester,AL,12826,2
188,Michaels Bistro,469-944-4235,18,6041 Donna Falls Suite 777,North Stephaniefurt,IL,22035,5
189,Johns Kitchen,001-536-796-540,6,963 Juarez Lights,Gonzalezville,GA,08170,7
190,Sherris Diner,001-515-556-520,13,969 White Walk,South Karl,WA,25758,3
191,Brians Pizza,001-888-671-380,1,51840 Lindsey Crossroad Suite 711,Judithburgh,ND,49998,10
192,Kyles Grill,+1-340-887-6124,13,0576 Leslie Harbors Apt. 162,Lake Karenside,PA,37575,7
193,Johns Kitchen,330-319-8376x17,18,886 Chan Locks Apt. 239,New Dawn,WI,72122,2
194,Sherris Diner,(815)778-4553x8,18,01721 Peck Hills Suite 608,Garciashire,MO,64671,4
195,Brittanys Tacos,001-457-691-115,17,0430 Miller Landing,Angelville,ID,50789,7
196,Kyles Grill,+1-623-501-3803,16,8048 Ho Village,South Danielchester,MI,85014,8
197,Timothys Cafe,624.592.8473x13,3,110 Barnes Gateway Apt. 016,Port Johnborough,WV,18038,2
198,Michaels Bistro,407-867-2670,17,99446 Justin Loaf,West William,CT,39824,6
199,Brians Pizza,001-755-010-541,19,2219 Luna Cliff,East Drewberg,SD,58568,8
200,Seans House,001-460-572-940,18,188 Elizabeth Manors,Jessicachester,MS,63986,8
201,Michaels Bistro,254-386-5507,4,477 Shirley Prairie Suite 001,Isaacburgh,WY,55381,9
202,Timothys Cafe,(097)743-2647x9,7,28129 Doris Freeway,Port Cesarhaven,ND,22477,8
203,Timothys Cafe,753.005.5672,4,7160 Daniel Fall Apt. 638,Lake Allison,WY,63970,2
204,Sherris Diner,001-746-241-253,6,98494 Carpenter Forks,North Michaelfort,NJ,05962,2
205,Gabrielles Table,(021)275-7431x0,20,8832 Miller Viaduct,Anthonychester,AL,33383,3
206,Samuels Corner,354.092.9753x76,6,661 Hardin Brooks Suite 796,Port Bryan,LA,92962,2
207,Brittanys Tacos,(487)668-1700,1,8832 Gonzalez Ramp,Port Mark,IL,95697,7
208,Kyles Grill,407.746.3471x66,18,851 Day Divide,Hernandezberg,ME,43283,7
209,Kyles Grill,001-507-862-283,15,3029 Ryan Park Suite 547,Lopezberg,NH,71753,4
210,Sherris Diner,512.176.1658x89,11,62480 Daniel Lock Suite 967,New Sonyamouth,KY,85245,7
211,Sherris Diner,201-166-0804x39,4,5295 Alvarado Crossing Suite 272,Port Patricia,WV,15205,6
212,Michaels Bistro,001-571-201-001,2,2429 Anderson Harbors,Lake Meganburgh,CA,51743,2
213,Michaels Bistro,001-069-618-954,5,539 Santos Cliff,West Jesushaven,WI,84593,6
214,Gabrielles Table,181.106.5686,19,8782 Nunez Fall,West Victor,NJ,98134,6
215,Brittanys Tacos,(153)552-5529,7,2762 Randy Brook,Bergville,OH,88541,10
216,Timothys Cafe,6936133614,6,65015 Debbie Orchard Apt. 194,Port Brianna,CA,28954,8
217,Timothys Cafe,913.729.5416,3,8838 Antonio Throughway,Jeremymouth,RI,39998,4
218,Samuels Corner,8420410794,18,2311 Tyler Trafficway Suite 215,Garciatown,VT,22804,8
219,Brittanys Tacos,(598)654-1785,9,5307 Alexander Streets Suite 855,East Nicholeland,NH,92992,2
220,Michaels Bistro,(148)558-6692x9,2,29262 Weber Fort,Alejandroland,AR,71162,5
221,Johns Kitchen,920-438-5309x60,3,551 Michelle Shoals Suite 675,Daniellebury,VA,02898,8
222,Samuels Corner,+1-591-765-3293,4,241 Weeks Radial,East Rachelmouth,IA,45083,1
223,Samuels Corner,+1-530-321-0698,17,802 Briggs Street,North Peterton,MI,26303,9
224,Michaels Bistro,9017150359,10,3265 Abbott Spurs,Roseshire,PA,36684,3
225,Gabrielles Table,001-777-810-604,12,591 Harrell Haven Suite 491,Martinezshire,TN,44790,8
226,Brians Pizza,719-340-0292,18,34321 Holt Harbors Apt. 965,West Cynthia,AL,35566,3
227,Sherris Diner,425.322.4483,6,6874 Dunn Avenue Apt. 450,New Justinbury,PA,92420,4
228,Timothys Cafe,+1-761-645-7015,14,573 Patrick Mills Suite 996,Donaldfurt,SD,40819,6
229,Michaels Bistro,899.259.3087x27,1,94952 Trevor Drive,West Laurabury,WV,24497,10
230,Johns Kitchen,224-774-6131x00,8,15723 Betty Brook Apt. 340,Rodriguezhaven,MS,53928,1
231,Brians Pizza,650.775.5028x21,10,51201 Torres Course,New Hannahtown,CO,07729,10
232,Sherris Diner,051-327-9484,2,4771 Williams Harbors,Kimberlymouth,NE,23610,7
233,Gabrielles Table,177-240-8767x66,17,4154 Mitchell Streets,Garrettstad,OK,16425,1
234,Samuels Corner,(635)769-2062x4,10,51017 Jennifer Brook Apt. 225,Geoffreychester,ID,94799,6
235,Seans House,9753142652,18,1360 Gina Shore,New Jenniferfort,OR,06671,7
236,Michaels Bistro,652.151.0968x36,15,9276 Williams Cape Suite 340,Dennisview,NY,64312,8
237,Kyles Grill,+1-812-764-4316,5,95761 Robert Field Suite 079,Henrychester,WV,13138,4
238,Seans House,(326)139-0566x6,19,93673 Molly Flat Apt. 364,Cohenton,VT,93230,1
239,Samuels Corner,0861052920,16,9592 Angela Lakes,Cindyfurt,NC,22047,4
240,Kyles Grill,(743)871-7937,11,0493 Haney Fields,Daniellefurt,ND,23812,1
241,Sherris Diner,512-510-5097,17,7784 Jason Mountains Suite 529,Michellemouth,MI,05052,7
242,Gabrielles Table,749-197-0732,12,692 Angela Ways,North Deniseburgh,SD,09774,5
243,Brittanys Tacos,4982283594,20,50434 Smith Mountains Suite 590,Gamblemouth,MS,37316,5
244,Gabrielles Table,+1-972-949-0408,18,4843 Stewart Row,Pottsside,RI,42624,3
245,Timothys Cafe,+1-817-207-7188,17,68509 Cunningham Valley Apt. 994,Brendaland,TX,88601,2
246,Seans House,534.872.6604x86,7,967 Kevin Inlet,North Sarahstad,KY,40093,3
247,Gabrielles Table,001-016-910-330,4,735 Hansen Knoll Apt. 738,Adriennebury,IA,03331,2
248,Seans House,781.696.9788,2,2594 Caldwell Squares Suite 650,Taraville,PA,90815,5
249,Sherris Diner,(021)044-6412,8,6696 Tyler Park,Robinsonside,PA,49847,7
250,Timothys Cafe,(354)436-1940x6,2,67674 Villa Divide,Dennisland,OK,63066,2
251,Timothys Cafe,921-709-8865x86,7,4335 Woods Vista,South Melinda,OK,40845,5
252,Gabrielles Table,666-282-0460x52,5,97686 Hull Pike Apt. 190,Lake Matthewfurt,OH,44826,8
253,Seans House,+1-963-929-2125,10,1358 Reginald Junction,New Michaelton,NY,92277,7
254,Seans House,311.796.5456,7,909 Robert Islands Suite 194,North Michaelberg,FL,19730,9
255,Seans House,001-055-690-373,5,9510 Lane Land Apt. 935,Jamestown,UT,57881,4
256,Brians Pizza,7346768285,20,81612 Higgins Springs Apt. 157,Floresfurt,IA,07619,5
257,Samuels Corner,+1-156-597-3186,18,9810 Rios Place Suite 898,Cherylmouth,DE,50968,3
258,Brittanys Tacos,522.504.6996,7,85289 Sanchez Inlet Suite 416,Porterfurt,AL,74508,1
259,Samuels Corner,+1-727-978-3344,19,2545 Wright Route,Alexanderport,NY,12303,2
260,Johns Kitchen,572.993.0657x69,12,8371 Sarah Station,Lake Joshuaburgh,AZ,96432,7
261,Michaels Bistro,256.750.3436x28,9,5206 Lee Island Apt. 691,Moralestown,MN,49631,6
262,Michaels Bistro,7852433805,5,3725 Prince Ports,Phillipville,ME,58321,5
263,Michaels Bistro,956.113.0259,20,39735 Alexandria Creek,Youngstad,FL,89940,3
264,Seans House,554-201-2169,14,66568 Williams Burgs,New Justin,TN,09668,4
265,Michaels Bistro,(673)507-8739x0,3,68042 Jessica Plains,Matthewview,NJ,22125,6
266,Brittanys Tacos,972.887.8228x32,18,57600 George Brooks,Beardton,OK,86406,7
267,Michaels Bistro,(662)941-7422x8,9,426 Tran Crossroad,Lake Anthonyburgh,NM,59600,8
268,Brians Pizza,(632)733-6269x1,9,60087 Anthony Orchard,New Thomas,WA,41418,8
269,Brittanys Tacos,(440)977-9491x1,13,3632 Baker Ridges Apt. 843,Rachelburgh,GA,36417,9
270,Brittanys Tacos,4634975007,6,7632 Aaron Hills,Delgadostad,GA,12248,3
271,Samuels Corner,125-512-0499,13,86662 Kathryn Row,East Alan,ND,60973,7
272,Sherris Diner,(640)050-7020x2,15,491 Kevin Route Suite 264,Josephview,GA,15524,6
273,Timothys Cafe,(433)827-2072,3,59963 Barber Motorway Suite 278,Lake Margaretland,WI,52568,10
274,Brians Pizza,186-339-1238x94,9,3785 Calvin Radial Suite 588,New Richardside,AK,55242,7
275,Gabrielles Table,+1-150-219-1580,14,23022 Morgan Lock Apt. 298,New Thomas,NY,39581,1
276,Kyles Grill,001-015-935-769,5,530 Jack Lodge Apt. 535,East Kellymouth,OH,95412,9
277,Sherris Diner,001-806-173-307,18,04513 Wagner Run Suite 014,New Patrick,HI,70470,10
278,Kyles Grill,001-754-122-303,7,2386 Elizabeth Inlet Apt. 813,Graystad,SD,91280,4
279,Brians Pizza,607-634-5955x87,3,010 Alex Hills,South Ryanshire,WV,26895,2
280,Seans House,130-524-4076,9,4253 Linda Track Suite 300,Lake Charles,RI,52517,10
281,Gabrielles Table,689-262-8015x56,7,6556 White Wall Suite 781,East Matthewport,IL,78286,10
282,Timothys Cafe,475-584-5983,12,0894 John Tunnel Apt. 903,Kelseyhaven,ME,92767,3
283,Michaels Bistro,+1-978-290-8649,19,51943 Jason Radial,Lake Christinafurt,MT,43816,6
284,Samuels Corner,+1-367-130-6161,17,724 Mary Circles,Tiffanystad,FL,47702,6
285,Johns Kitchen,+1-664-362-8948,20,667 Johnson Avenue Suite 440,West Patrick,IN,42572,1
286,Seans House,3332427546,6,85859 Walker Camp Apt. 246,Kimberlymouth,NH,08396,3
287,Gabrielles Table,257-953-3517,14,7693 Rivera Fords Suite 594,Port Guy,PA,81371,8
288,Samuels Corner,8654453042,5,914 Ronnie Glens Apt. 764,South Eric,AK,43374,3
289,Timothys Cafe,001-215-669-797,11,606 Smith Shoals Suite 308,East Brenda,MN,24904,8
290,Brittanys Tacos,391-598-7315,14,691 Ryan Prairie,Edwardville,AR,42858,6
291,Seans House,+1-009-044-2557,13,614 Amanda Mills Suite 885,South John,IL,95420,2
292,Seans House,+1-927-125-9726,1,90386 Craig Key,Ruizmouth,FL,14732,7
293,Brittanys Tacos,041.001.7521x60,20,62956 Hill Wall Apt. 652,New Kimberly,NH,23654,5
294,Brittanys Tacos,(160)035-2282x5,8,0897 Gary Haven,Port Charlesbury,UT,98899,9
295,Timothys Cafe,(890)067-2156,3,7090 Jillian Road Apt. 917,New Keith,IN,13788,1
296,Seans House,(287)170-2993x9,9,29061 Curtis Branch Apt. 670,East Kevin,TX,29095,8
297,Timothys Cafe,944.857.8157,4,2363 Sarah Field,Jasonton,IN,00647,3
298,Brians Pizza,472.399.2696x11,18,797 William Streets Suite 104,Port Ericchester,LA,09770,8
299,Brittanys Tacos,001-790-189-292,4,5868 Jessica Hollow,Lake Billyton,RI,72752,10
300,Johns Kitchen,001-264-985-902,18,426 Flores Park,Port Tannerton,MS,76874,2
301,Sherris Diner,(794)851-4335x5,14,333 Smith Rapid Apt. 538,Port Peterfurt,OH,58766,1
302,Seans House,0136190657,3,38626 Rios Prairie Suite 856,Andrewsfort,RI,85027,4
303,Michaels Bistro,370.375.5028,11,1035 Sharp Ford Suite 354,Lake Melissa,NV,36770,4
304,Brians Pizza,001-389-378-251,3,8887 Dillon Mews Apt. 789,Perryside,AK,30681,7
305,Kyles Grill,838-268-1606x66,12,44550 Kelly Ville Suite 898,Ianside,NE,37388,9
306,Timothys Cafe,983-925-8241x48,11,411 Fernando Drive,New Jeffreyview,WI,15976,3
307,Kyles Grill,129.531.4964,9,3598 Graham Walks Apt. 956,Castrofurt,CA,84906,10
308,Brians Pizza,(539)738-4605x9,5,70912 Buckley Islands Apt. 344,Port Kelly,NH,09742,7
309,Gabrielles Table,(753)947-4794x5,8,830 Keith Union,Barbarafort,FL,32268,4
310,Gabrielles Table,234-593-1413x96,9,723 Tammy Isle,Jonesshire,ND,24751,6
311,Gabrielles Table,661-813-8972,1,19534 Jenkins Motorway Apt. 789,Port Alexander,TN,83795,4
312,Kyles Grill,196.018.8193,4,2160 Roberts Passage Apt. 360,Hallfurt,WA,44054,4
313,Brians Pizza,+1-740-114-0930,13,99832 Stephenson Trafficway,Dunnfurt,GA,02559,10
314,Michaels Bistro,6603277904,8,186 Taylor Stravenue,Ernestport,HI,01203,1
315,Kyles Grill,+1-998-951-3037,13,97934 Gray Lodge,Heatherfort,MN,80840,6
316,Kyles Grill,(777)920-1750x3,4,09531 Martin Station,South Phyllisstad,UT,96636,6
317,Kyles Grill,001-316-506-537,4,98890 Fuller Ramp Apt. 033,South David,WV,49873,1
318,Timothys Cafe,+1-708-451-9613,6,20889 Katie Pike Suite 754,Colleenmouth,IN,80603,5
319,Johns Kitchen,372-590-2653,17,7065 Garcia Light,Ryanfurt,IN,26362,5
320,Gabrielles Table,(881)856-1078x9,10,3386 Maddox Streets Apt. 206,New Evan,FL,13989,9
321,Michaels Bistro,855-984-8294,19,9904 Brewer Stravenue,Sandrabury,NH,44704,2
322,Timothys Cafe,(375)495-5751x7,16,357 Debra Cape Suite 637,Margaretchester,WA,77513,8
323,Michaels Bistro,(909)119-9921x6,4,9976 Mason Course,Johnsonstad,NJ,63176,8
324,Timothys Cafe,+1-061-489-8012,17,30719 Wang Pike,Ramirezfort,WA,22035,7
325,Brians Pizza,530.341.7370x91,12,705 Terri Locks,Sarahfurt,KY,05598,7
326,Brians Pizza,+1-358-373-4556,19,21117 Teresa Meadow Apt. 367,Cooketown,IL,60303,6
327,Brians Pizza,+1-492-231-3915,10,041 West Springs Suite 662,Lake Christopherburgh,HI,81163,6
328,Michaels Bistro,+1-938-492-1373,18,44120 Molly Place Suite 284,New Davidville,AZ,36586,9
329,Samuels Corner,785-699-8925,9,0129 Nichols Streets,East Deborahhaven,OK,83310,7
330,Sherris Diner,+1-701-545-8412,20,38175 Jones Rapids,Shannonburgh,IL,25900,9
331,Gabrielles Table,365.474.9657x81,4,7974 Sergio Lane,East William,PA,12686,6
332,Brians Pizza,001-820-543-620,2,77966 Middleton Road,Johnborough,NY,30049,2
333,Johns Kitchen,001-013-863-006,6,774 Kenneth Walk Suite 899,Williamschester,MN,82764,3
334,Brians Pizza,+1-853-724-9285,11,157 Rick Crossroad Apt. 565,Maldonadomouth,ID,22359,8
335,Brians Pizza,001-109-123-616,13,5614 Wade Ridge Apt. 614,Port Deborahmouth,MT,82517,7
336,Timothys Cafe,001-176-182-145,6,851 Donna Mount,East Shane,TX,64002,6
337,Brittanys Tacos,954.541.6323,12,03612 Gregory Via,Bellshire,VT,20821,3
338,Brittanys Tacos,001-247-648-945,18,687 Michael Corner,North Pam,WY,69301,9
339,Samuels Corner,(397)632-8752x3,18,62887 Amy Viaduct,New Bethanyland,MN,67472,10
340,Johns Kitchen,+1-656-115-5702,20,90020 Stark Ports Apt. 195,Jonesshire,CO,03958,3
341,Seans House,001-625-853-987,13,1369 Black Unions Apt. 231,Danielleville,MD,63843,9
342,Gabrielles Table,780.775.3321x15,16,10747 Ramirez Mission,Annahaven,ID,54314,7
343,Sherris Diner,033-083-9213x59,19,13097 Melissa Shoals Apt. 639,Lopezside,IA,41144,7
344,Brittanys Tacos,715.663.1160x89,5,9891 Martinez Forest Suite 418,Matthewshire,MA,22570,5
345,Michaels Bistro,719-295-7470x80,9,5346 James Center,Markstad,NM,87561,7
346,Michaels Bistro,642-406-0058x01,1,23363 Boyd Motorway,Ernestside,DE,45425,5
347,Michaels Bistro,+1-015-314-8341,17,7259 Amanda Avenue Apt. 017,Barbarahaven,ND,84876,10
348,Seans House,292.916.9357x57,5,808 Jessica Square,Michaelmouth,SD,22198,2
349,Michaels Bistro,282-303-2476x42,5,0115 Susan Court Suite 910,Baldwinhaven,MA,24864,2
350,Gabrielles Table,(339)312-0897x3,5,8212 Carlos Grove,Pamelaton,FL,00843,2
351,Samuels Corner,001-805-172-560,13,42188 Benjamin Fork,Lake Crystalhaven,MI,78897,2
352,Gabrielles Table,(112)932-9559x7,19,4373 Robert Lake Apt. 867,Lake Amy,AZ,37921,1
353,Seans House,035.398.1516x89,9,8826 Frost Vista,Powersport,MA,74919,10
354,Seans House,001-668-249-850,2,96633 Reynolds Spurs,Victoriahaven,KS,58512,7
355,Timothys Cafe,131.687.5286x65,12,44813 Roy Knoll Apt. 414,North Allisonfort,ND,46620,2
356,Kyles Grill,342-328-8157x22,8,752 Sparks Falls Suite 872,Garciaside,OH,31539,8
357,Timothys Cafe,(341)787-8486x0,20,355 Glover Fords Apt. 573,Walkerstad,KS,27558,10
358,Michaels Bistro,497-555-3075x92,14,063 Shaw Way,Jonesport,MO,88438,9
359,Brittanys Tacos,580.918.1915x82,15,55506 Garcia Ports,New Laurenton,ND,26421,2
360,Brittanys Tacos,451-140-4835x73,6,01160 Evans Tunnel,Port Jasonton,FL,58896,8
361,Michaels Bistro,001-275-716-284,15,87373 Johnson Cliff Apt. 326,Lake Craigmouth,TX,41644,9
362,Seans House,558-229-2500x55,12,5979 Mary Walk,West Bettyberg,NM,07292,10
363,Seans House,017.693.9150x48,15,4949 White Field,Joshuaburgh,AK,47478,1
364,Gabrielles Table,001-859-239-499,17,719 Knight Park Suite 759,Jenniferberg,MD,56122,5
365,Johns Kitchen,(570)642-9220x1,10,59132 Dawn Lake Suite 372,North John,RI,86710,7
366,Timothys Cafe,001-736-660-489,9,518 Robin Ports,Robertville,PA,40329,4
367,Sherris Diner,001-048-051-066,14,5904 David Greens Apt. 199,South Jaclyn,CA,64131,4
368,Samuels Corner,+1-019-333-8180,17,846 Hudson Parkway,West Marcville,ID,42419,8
369,Sherris Diner,(813)150-8363x3,8,162 Dustin Forge,Edwardfurt,NC,97805,9
370,Brians Pizza,967-240-1665x64,10,40249 Brown Stravenue,South Courtney,CO,60890,7
371,Johns Kitchen,(074)734-4804x9,3,09254 Cole Summit,Cordovaburgh,AK,63522,2
372,Seans House,+1-955-254-8780,10,32798 Jeremy Mountain,North James,DE,31972,4
373,Timothys Cafe,007-809-4475x02,14,4856 Rebecca Groves,Joyceport,AK,59827,8
374,Timothys Cafe,090.857.6039,11,835 Emily Cove,Matthewberg,PA,08591,2
375,Michaels Bistro,(884)197-3647x6,3,000 Terrell Glen,North Brandi,FL,52026,6
376,Brittanys Tacos,+1-773-205-8157,3,9747 Reese Mount,Brookefurt,TN,70395,8
377,Brittanys Tacos,3716324492,3,6182 Ball Street,Lake Danielfurt,SD,10204,7
378,Brittanys Tacos,+1-443-824-9937,8,002 Karen Drive,Levinemouth,PA,95750,7
379,Gabrielles Table,001-933-789-134,3,0232 Ford Tunnel,Andrewfurt,MD,14544,1
380,Brians Pizza,209.370.1648x30,6,5512 Thornton Mills,Johnshire,GA,41660,6
381,Timothys Cafe,+1-274-179-2513,19,8274 Shelby Meadow Suite 357,West Elizabethmouth,NE,64519,4
382,Samuels Corner,750-948-6690x02,2,62479 Perkins Isle Apt. 819,South Pamelashire,TX,30174,9
383,Johns Kitchen,(711)838-8521,3,7576 Johnson Plains Apt. 847,South Kaylafort,RI,26796,5
384,Samuels Corner,+1-587-245-7303,10,709 Warren Tunnel,West Sarabury,MT,20950,5
385,Johns Kitchen,001-440-165-490,18,412 Brown Pass Apt. 944,North Alvin,RI,15720,5
386,Sherris Diner,(000)526-6476,16,7222 Quinn Points Apt. 013,East Nicolechester,MA,94460,5
387,Sherris Diner,(970)504-5856,1,0327 Gonzalez Summit,West Teresahaven,RI,14302,7
388,Timothys Cafe,001-203-088-249,14,82021 Johnson Square Suite 584,Lake Zachary,MN,54717,4
389,Samuels Corner,872-587-8266x75,17,4551 Lisa Garden Apt. 737,New Elijah,AK,78117,1
390,Samuels Corner,255.474.7490,5,47279 Schmidt Stream,New Lori,SC,49395,7
391,Samuels Corner,+1-794-059-1478,16,7676 Lopez Drive Suite 478,East Samantha,VA,67183,1
392,Samuels Corner,001-991-386-747,16,6967 Laura Brooks Apt. 031,Duarteside,TX,27522,1
393,Brittanys Tacos,(538)085-9041x9,17,064 Keith Park,Millerburgh,NH,12594,1
394,Brittanys Tacos,(971)801-8607x1,18,235 Hardy Streets,East Virginiaton,NJ,17783,3
395,Michaels Bistro,4772297579,4,0510 Flores Mountain Suite 553,Lake Kevin,FL,70779,6
396,Brittanys Tacos,(224)558-3998x5,13,5375 Mandy Harbor,West Markfurt,DE,51789,9
397,Kyles Grill,001-133-926-426,1,80373 Devin Plaza Apt. 033,Danielside,WV,70103,10
398,Gabrielles Table,(042)398-9914x3,20,4218 Andrew Bypass,Marychester,MI,58987,6
399,Brittanys Tacos,451-565-8438x84,7,3516 Moyer Dale,Paulhaven,MN,38869,6
400,Michaels Bistro,408-767-4599x90,1,7898 Benjamin Pass,Shannonhaven,CO,14581,3
401,Seans House,(456)225-9263,14,909 Katherine Falls Apt. 383,West Travisside,AK,34342,10
402,Kyles Grill,971-551-3451x80,18,9553 Sean Via,Catherineborough,DE,57906,7
403,Timothys Cafe,779-680-0025,12,766 James Glen Apt. 122,Brandonton,NC,81382,4
404,Samuels Corner,(226)649-7986,8,62296 Quinn Ways Apt. 848,Rodriguezville,MO,48356,9
405,Seans House,001-492-465-964,17,2137 Thomas Hills Apt. 932,Hillland,WY,59826,7
406,Brians Pizza,581-556-0079x06,20,11327 Vaughan Landing Apt. 912,South Joshuamouth,IN,19679,4
407,Kyles Grill,001-695-782-951,2,9278 Ross Path,Lake Brendahaven,MT,48073,10
408,Sherris Diner,685-388-2808,20,734 Simon Plains,Walkerborough,LA,47895,7
409,Kyles Grill,(141)688-5883,15,298 Mcintyre Crossing Apt. 180,Anthonyshire,CO,63133,1
410,Gabrielles Table,001-763-672-353,6,7885 Rodriguez Landing,Thomashaven,CA,13763,10
411,Sherris Diner,077-013-9101,17,1610 Cassie Corner Suite 852,North Alicia,NM,48255,7
412,Johns Kitchen,424.846.0238,8,920 Willis Lake Suite 444,Taramouth,VA,78525,3
413,Samuels Corner,(452)236-8690,6,802 Jackson Brook,Popetown,AZ,19290,7
414,Seans House,+1-055-553-7948,3,76292 Ferguson Alley Suite 488,Sandersfurt,CT,01546,3
415,Johns Kitchen,5688216808,12,65458 Linda Gateway,Gonzalezfurt,WV,77767,7
416,Sherris Diner,465-810-1678,5,052 Sawyer Plaza Suite 676,Lake Eddieberg,MN,32415,6
417,Michaels Bistro,(229)737-3674,17,73199 Raymond Haven,Michaelland,CO,26354,9
418,Kyles Grill,665.122.5066,12,7244 Brandon Knoll Apt. 219,North Hollystad,NV,31500,3
419,Brittanys Tacos,+1-445-734-4421,2,17423 Smith Highway,Swansonland,MN,23960,7
420,Brians Pizza,671.701.8366,14,93026 Castro Mountains,Anthonyville,NM,40177,4
421,Michaels Bistro,001-660-968-390,16,340 Moore Crescent,Valeriemouth,KS,12476,2
422,Michaels Bistro,001-883-903-203,13,29114 Brandy Crossroad Apt. 886,West Gregory,MN,53485,3
423,Brians Pizza,948.246.6787,6,922 Melinda Heights Apt. 718,Aaronchester,CO,94605,9
424,Gabrielles Table,(297)741-8352,12,168 Miller Ridges,Port Darrylland,ND,23598,2
425,Kyles Grill,(439)587-0998x1,4,30374 White Orchard,Dixonchester,AL,14344,10
426,Seans House,(971)280-9455,11,868 Ho Plains,Port Vanessaside,WI,33054,7
427,Johns Kitchen,723-537-0944,8,64777 Jordan Green,West Joannamouth,UT,65251,5
428,Timothys Cafe,253-284-8739x84,18,802 Mclean Prairie,Simmonsmouth,RI,54921,9
429,Gabrielles Table,+1-245-250-7059,4,303 Parker Ports,Jenniferburgh,HI,27112,3
430,Johns Kitchen,928.812.2155x27,10,6085 Johnson Loaf Suite 009,East Dylanville,CT,96624,6
431,Sherris Diner,195-691-5959,10,93021 Tyler Islands,South Bruce,AL,68140,4
432,Timothys Cafe,840-852-7045,16,78632 Cardenas Glen Suite 382,East Melissa,DC,73001,2
433,Brittanys Tacos,001-849-286-360,10,76291 Mack Spring,Michaelmouth,MN,12775,2
434,Brittanys Tacos,838-990-4866x27,9,5035 Kristen Vista,Wadeborough,SC,01019,1
435,Sherris Diner,+1-860-381-7654,7,31833 Brittany Freeway,Ryanchester,OK,16023,7
436,Kyles Grill,937.614.6823x35,1,40507 Harris Street,North Jesse,HI,16700,1
437,Sherris Diner,242-483-5181x59,19,8839 Williams Road Apt. 712,Andrewfort,ND,33009,10
438,Gabrielles Table,449-529-3497x65,13,70034 Julia Ville,Rodriguezbury,AK,46965,3
439,Brittanys Tacos,1413400618,7,92637 Turner Parkway,Alecville,ME,66533,1
440,Seans House,(665)680-7510,10,4177 John Vista,Powershaven,VT,20930,10
441,Kyles Grill,(285)747-5950x4,17,01013 Schmidt Ramp Apt. 471,Carmenmouth,OH,59303,9
442,Brittanys Tacos,(023)352-3623x0,2,7279 Jason Road Suite 340,Henrytown,MS,11171,2
443,Michaels Bistro,001-546-203-319,15,21127 Mary Route Suite 980,Connerhaven,WY,27628,10
444,Sherris Diner,(969)576-4979x1,20,687 Lewis Overpass Suite 531,New Jeffreymouth,OR,49931,7
445,Michaels Bistro,+1-056-325-4293,16,2561 Rebecca Shores Apt. 610,Lake Johnhaven,KY,67852,1
446,Brians Pizza,001-513-108-457,2,3373 Kyle Burg Apt. 408,Rojasberg,MS,76418,3
447,Brittanys Tacos,086-612-1209,12,5420 Jessica Street Apt. 908,East Christopher,IL,13357,8
448,Seans House,(763)230-4994x0,1,8242 Massey Forks Suite 332,North Victor,WV,47157,6
449,Sherris Diner,+1-774-770-9613,20,331 Clements Crescent Apt. 913,Boydmouth,AR,64271,3
450,Samuels Corner,832-669-9556,15,84855 Parker Roads,North Jenniferton,MI,08981,4
451,Samuels Corner,+1-499-702-3865,11,71548 Cathy Viaduct,Port Kristinburgh,CT,90172,4
452,Brians Pizza,845-863-9454,10,561 Novak Trail,Andreatown,UT,81165,5
453,Samuels Corner,(986)586-6768,12,231 Turner Fork,Port Daniellehaven,VA,75509,4
454,Michaels Bistro,974.965.5765x58,4,2631 Allen Mill Suite 497,North Shawn,MN,50751,9
455,Gabrielles Table,196-132-4385x35,1,456 Terri Port,Booneton,RI,21736,4
456,Seans House,496-341-7460x97,12,3626 Lee Lakes Suite 445,Lake Joshua,NE,09197,7
457,Brians Pizza,025.035.8661,6,75151 Cobb Flat Suite 010,Sullivanberg,IL,89876,5
458,Michaels Bistro,001-410-147-832,13,84066 Hill Island Apt. 518,Crystalville,MT,86530,1
459,Johns Kitchen,+1-811-826-3436,12,9132 Palmer Groves Suite 230,Tracytown,OK,27459,5
460,Sherris Diner,936.589.8043,1,068 Eric Shores,East Gregory,CT,64215,2
461,Seans House,367.918.1100x15,4,060 Buchanan Loop Suite 066,West Jacqueline,NC,61118,3
462,Kyles Grill,884-779-6296x90,14,198 Anthony Lock Apt. 334,New Maria,NE,08173,1
463,Brittanys Tacos,+1-587-861-8154,16,04226 Perez Tunnel Suite 581,Smithside,NE,67051,10
464,Samuels Corner,(329)325-8847x6,7,322 Cindy Course Suite 325,Greenberg,WY,44862,2
465,Michaels Bistro,+1-983-745-9746,3,99581 Brooks Ports Apt. 261,New Haley,SC,20185,2
466,Gabrielles Table,001-682-850-100,17,823 Walker Creek Apt. 808,Margaretton,PA,57514,8
467,Timothys Cafe,189-117-8238x40,17,711 Lambert Tunnel,Adamsborough,OH,53436,10
468,Samuels Corner,(193)359-6171,5,14251 Gregory Crescent Apt. 011,Vargasport,MO,92202,2
469,Seans House,(363)984-9252x2,14,66169 Theodore Centers,Maddenmouth,RI,39864,2
470,Seans House,078-432-0670x04,4,397 Ward Walk,Port Jamie,NJ,76454,3
471,Seans House,(297)077-8587x5,16,69512 Amber Walk,South Oliviabury,CT,49391,5
472,Samuels Corner,677-047-9809x83,1,12456 Fernandez Parkway,North Christophershire,OK,71018,5
473,Johns Kitchen,001-892-097-304,5,022 Jillian Shoal,Cooperhaven,NY,88405,3
474,Kyles Grill,(803)355-7373x2,9,8874 Day Corners,Hullfurt,SD,27588,2
475,Brians Pizza,461.200.3209x44,8,2437 Gutierrez Freeway,West Melissastad,HI,77526,2
476,Seans House,895.002.8803x34,16,7855 Malone Center,New Kevin,NV,73272,8
477,Timothys Cafe,916-425-6736x01,13,747 Jones Loop Apt. 891,Lake Kimberly,NM,57756,6
478,Brians Pizza,363.060.4150x02,12,4711 Brewer Key,Dickersonbury,NY,87741,4
479,Brittanys Tacos,(056)911-9136x0,10,18618 Sherry Manor,Jasonville,SD,31732,7
480,Samuels Corner,+1-262-730-1667,12,4622 Mcknight Shoals Suite 557,Foxland,LA,60248,2
481,Sherris Diner,001-305-552-840,14,7279 Patricia Alley Apt. 990,Donaldbury,MS,10669,8
482,Brittanys Tacos,373.176.0364x81,6,57032 Miranda Road Suite 259,Laurenville,WV,16146,1
483,Michaels Bistro,+1-030-580-2392,18,130 Williams Brook,Moranshire,CT,04962,7
484,Sherris Diner,560.356.8255,9,6365 Sanchez Crossing Suite 839,Port Mario,DE,83244,2
485,Samuels Corner,001-189-853-992,4,15140 Richardson River Apt. 875,New Laurie,MD,41104,8
486,Brittanys Tacos,771.643.7513,15,72005 Olivia Meadows,North Sandra,CT,02597,2
487,Seans House,210.139.5384x86,15,388 Richard Freeway,Mccoyville,WV,47108,4
488,Brittanys Tacos,001-202-908-429,6,395 Ingram Expressway Suite 006,Armstrongfurt,NH,16615,7
489,Sherris Diner,(504)065-8443,5,99453 Kimberly Parkways Suite 445,South Ronald,WY,99330,7
490,Samuels Corner,(008)237-3331x0,12,8223 Clark Rue,Serranoburgh,NH,33560,6
491,Kyles Grill,817.424.9632x33,14,451 William Fort Suite 411,Lake Deborahhaven,IN,69121,8
492,Brittanys Tacos,952-234-9936x72,1,940 Maldonado Fall Suite 073,Lake Brian,IA,32684,3
493,Johns Kitchen,695.725.2942x66,12,561 Barrett Shoals Apt. 325,Josephstad,WI,56508,3
494,Michaels Bistro,182.110.3159x70,7,979 Mcintosh Plaza,South Alexandrafort,VT,64540,5
495,Sherris Diner,3782081631,4,2121 Martinez Creek,Bethside,CA,67968,1
496,Brians Pizza,(590)828-1085,7,4826 Vasquez Ports Suite 552,Port Sergiostad,DC,53452,3
497,Gabrielles Table,(366)300-7827x3,10,96813 Nicole Forks,West Michaelstad,WY,61927,10
498,Brians Pizza,120-271-5074,2,46831 Kimberly Summit,West Jon,NH,03505,10
499,Kyles Grill,281.308.8072,5,47091 Wood Corner,Dakotaburgh,RI,03674,1
500,Michaels Bistro,247.395.2316x76,13,44565 Frederick Brooks,South Aaronborough,MO,13911,2
501,Seans House,(691)786-6337,14,3361 Eric Fall Apt. 723,Dylanside,ID,64342,6
502,Brittanys Tacos,212-432-4919x34,11,414 Christopher Expressway Apt. 362,New Henryport,CT,53839,6
503,Gabrielles Table,978-086-2387x85,2,157 Quinn Canyon Apt. 812,Leechester,DC,55807,8
504,Kyles Grill,807.830.9626x39,6,9637 Boone Creek Suite 277,Wilsonton,IA,90671,10
505,Timothys Cafe,+1-416-609-0883,7,3045 Horton Cove Suite 506,Loweville,DC,16003,10
506,Kyles Grill,+1-411-981-6250,16,900 Adkins Gateway Apt. 192,Rickyburgh,WY,78897,9
507,Kyles Grill,914.914.3704,9,036 Jeffery Manor Apt. 595,Jessicahaven,MD,10031,1
508,Gabrielles Table,8426780404,4,24748 Jessica Village Suite 636,Codybury,DC,30328,3
509,Timothys Cafe,+1-102-296-1939,14,620 Wright Rapids,Russellchester,NJ,91354,9
510,Brittanys Tacos,001-473-609-652,16,58061 Jones Unions,Barbaraton,OH,23548,5
511,Seans House,001-108-076-536,18,747 Stephen Ports Suite 207,Lisaport,WA,35381,2
512,Sherris Diner,001-359-318-551,16,76885 Heather Island Apt. 413,Barberton,WI,09710,4
513,Brians Pizza,001-114-799-723,5,94426 Conner Ports,South Jenniferchester,AR,48636,10
514,Michaels Bistro,422-815-2888x68,11,2690 Peters Prairie Suite 914,Bridgetview,IL,84089,1
515,Gabrielles Table,+1-333-592-9979,13,1374 Dixon Fall Apt. 859,New Amberland,NM,98718,9
516,Johns Kitchen,374.337.6903,17,12264 Christopher Pine Apt. 262,West Amandabury,OR,06406,1
517,Seans House,001-866-049-542,13,333 Heidi Inlet Apt. 892,Gaytown,OR,33457,9
518,Johns Kitchen,178.020.9384,5,4817 Sarah Greens Apt. 687,Mccarthymouth,TN,77242,9
519,Kyles Grill,+1-987-946-0956,4,492 Kenneth Harbors,Janicehaven,UT,06997,3
520,Seans House,001-737-275-351,4,0991 Taylor Manor,Patelland,OH,54680,4
521,Brittanys Tacos,8316409408,1,4917 Melton Knolls Apt. 922,Johnsontown,MT,13200,6
522,Timothys Cafe,481.491.3593x45,5,30026 Veronica Square Suite 956,Wangland,RI,27219,2
523,Brittanys Tacos,151-143-7945x73,5,97785 Williams Junctions Apt. 101,Robleston,OH,80339,4
524,Michaels Bistro,1134377571,12,6213 Tiffany Trail Suite 377,New Reneebury,DE,42601,1
525,Brittanys Tacos,(578)723-3598x7,17,94294 Becky Turnpike Apt. 521,Lake Brianna,WV,98867,6
526,Johns Kitchen,7061170273,1,53049 Crystal Corner Suite 359,North Philip,NV,59670,3
527,Johns Kitchen,465-754-9218,8,472 Nathan Trace Suite 138,New Tiffanyport,MI,87853,4
528,Brians Pizza,(655)397-9461,2,7274 Burnett Loop Suite 548,East Bradleybury,IN,13612,2
529,Kyles Grill,001-213-175-301,11,560 Wendy Lodge,Pagefort,IL,49745,3
530,Sherris Diner,235-107-5086,14,676 Cameron Burg,Luisville,MO,95071,5
531,Timothys Cafe,4588861283,20,686 Elizabeth Key Apt. 621,Port Emily,MT,92717,5
532,Seans House,001-891-858-124,1,20551 Jody Flats Suite 199,Perezmouth,TX,23800,8
533,Seans House,488.490.3050,14,482 Martin Greens,Gambleland,AZ,01858,4
534,Seans House,001-359-965-085,16,745 Anita Green Suite 607,New Nathaniel,LA,13367,2
535,Kyles Grill,854-896-8117x80,10,12478 Schultz Wells,North Jessica,DE,76989,6
536,Kyles Grill,646-666-3010,10,676 Smith Summit,East Marymouth,ND,61636,9
537,Gabrielles Table,(838)212-5456x9,16,0294 Kristin Knolls,Lake Donnashire,IA,03366,5
538,Michaels Bistro,457-014-2554x92,3,47813 Jesus Fall,Copelandside,LA,00908,8
539,Seans House,555.597.5788,14,370 Vasquez Coves,Lake Jacquelineville,AZ,10445,8
540,Sherris Diner,(844)720-7949x7,8,56968 Sanders Rapid Suite 270,Elizabethstad,MS,75071,7
541,Seans House,+1-156-922-1545,20,52393 Emily Islands Apt. 654,South David,NE,22356,9
542,Brians Pizza,2540290168,5,5563 Mcgrath Cliffs Suite 642,Jessemouth,TN,03170,7
543,Sherris Diner,299-194-2278x78,17,031 Amanda Street,East Sarahstad,PA,47714,4
544,Sherris Diner,737-531-4618,6,85300 Gutierrez Point,Kennethland,TX,82517,5
545,Johns Kitchen,077-778-3426,8,776 Karen Summit,East Dianeville,SC,56844,3
546,Samuels Corner,001-036-546-183,9,9743 Roy Streets,East Sharon,NE,67431,4
547,Kyles Grill,001-735-639-516,4,42482 Adam Mountains Suite 984,South Joshua,WY,90195,5
548,Sherris Diner,001-515-064-603,9,1084 White Point Apt. 101,Erinmouth,AK,46189,7
549,Brians Pizza,545-165-0777,8,14234 Charles Pine Apt. 703,North Gabrielle,KS,65002,2
550,Kyles Grill,162.337.4752x56,14,7367 Chung Mews Apt. 528,Camposside,MT,27095,10
551,Gabrielles Table,001-634-382-072,7,621 John Track,Stephaniemouth,DC,60143,10
552,Brittanys Tacos,652-272-2569x92,16,742 Chen Pine Apt. 997,New Aimee,FL,90232,5
553,Sherris Diner,287-785-9001x25,4,3859 Smith Turnpike,South Philip,PA,74631,3
554,Kyles Grill,7926206771,17,284 Robert Divide,Wendychester,WV,94524,4
555,Johns Kitchen,2011934916,20,195 Simpson Walk Suite 665,South Jerry,WA,26965,8
556,Brians Pizza,001-069-298-517,6,4130 Amber Isle Suite 045,Alexanderborough,SC,96509,7
557,Sherris Diner,+1-760-737-0685,7,7782 Tony Station Suite 113,Jonathanborough,NM,92098,8
558,Seans House,(865)778-1386,19,9673 Mack Mountains Apt. 999,Theresaberg,CO,31545,7
559,Timothys Cafe,001-129-991-088,5,5954 Copeland Lodge,Lake Kenneth,IL,67927,10
560,Sherris Diner,022-351-3401x07,8,20443 Justin Fords,East Nicole,MO,58112,5
561,Michaels Bistro,1998961125,4,3692 Kimberly Trafficway,Port Jamesmouth,NJ,17584,6
562,Johns Kitchen,(586)547-1173x9,5,58221 Herring Mountain,Jeremytown,ID,38287,10
563,Gabrielles Table,(805)065-7071x2,13,08155 Barnes Hills,Colemanhaven,AL,17991,2
564,Michaels Bistro,(815)055-7795,2,47404 Jennifer Manor,Andrewtown,NH,80719,10
565,Seans House,1723907027,9,34192 Smith Island,Stevensport,NY,12160,7
566,Johns Kitchen,001-474-418-164,7,38133 Daniel View,Kerrystad,SC,00877,7
567,Gabrielles Table,(192)859-5146,5,31842 Leonard Springs Apt. 899,Port Christianville,KS,20904,4
568,Kyles Grill,+1-803-032-1138,14,164 Patrick Tunnel,Garybury,WV,86470,10
569,Brittanys Tacos,001-224-677-881,1,51776 Brown Garden Suite 960,Johnsonburgh,IL,86282,6
570,Brians Pizza,+1-069-455-9688,20,64460 Collins Lodge Apt. 774,East Williamport,IN,89005,6
571,Seans House,248-346-1043,7,4061 Andrea Flats,New Emily,WY,04424,2
572,Johns Kitchen,419-678-3326x18,3,027 David Spurs,New Robertport,IA,10366,8
573,Samuels Corner,+1-986-525-1040,2,790 Barbara Crossing Apt. 602,Lake Adam,AL,69484,3
574,Johns Kitchen,(812)682-8944,13,1403 Brady Inlet,Lindaton,DE,20954,1
575,Johns Kitchen,+1-171-854-6439,14,8559 Perez Mill,Woodland,AR,29516,9
576,Brittanys Tacos,001-220-731-196,17,43152 Jennifer Bridge Apt. 290,Grossshire,SD,92472,5
577,Michaels Bistro,659-843-7706,10,139 Jacobson Camp Apt. 763,New Kimberly,AK,40880,10
578,Michaels Bistro,(230)313-3308,8,828 Kelly Creek,Williamsshire,WA,50614,7
579,Timothys Cafe,+1-111-288-7347,8,49094 Brenda Hill Apt. 702,Tiffanyfort,OH,64248,5
580,Michaels Bistro,064-593-4000,11,69267 Daniels Ranch Apt. 781,Lake Elizabeth,TX,62235,10
581,Michaels Bistro,001-360-965-363,14,21850 Shawna Knoll,New Thomasbury,NY,55795,9
582,Kyles Grill,228-301-8495x07,16,5285 Michael Plaza,New Nicholasstad,IN,84900,6
583,Johns Kitchen,(024)896-9148x4,2,97518 Ramirez Crossing,Port Melissastad,WA,81248,7
584,Brittanys Tacos,(740)798-1019,17,10325 Ronald Inlet,Campbellport,SD,55353,1
585,Johns Kitchen,001-249-210-397,14,51212 Ellis Pine Suite 657,Port Judith,SC,91225,2
586,Johns Kitchen,+1-633-387-1801,2,78151 Bryant Mission Suite 620,West Pennyville,GA,76981,3
587,Timothys Cafe,974-820-2083,10,9864 Patterson Tunnel Apt. 087,Williamside,CT,48581,6
588,Michaels Bistro,7743181757,4,320 Robinson Underpass Apt. 743,North Paul,AL,62165,7
589,Kyles Grill,001-530-898-399,9,8108 Nathaniel Canyon Apt. 745,Walterhaven,MI,60765,3
590,Michaels Bistro,(314)287-5865x8,12,032 Nelson Ville,Brianberg,GA,69109,6
591,Kyles Grill,(261)213-3410,9,672 Taylor Divide Apt. 598,Travisfurt,KY,66525,4
592,Sherris Diner,(495)565-1607,12,96589 Bell Shores,New Tammybury,WY,49505,2
593,Sherris Diner,+1-326-121-2766,14,12189 Justin Junction,Lake Kimberly,UT,69134,4
594,Johns Kitchen,904.412.3078,8,423 Julie Extension Apt. 074,South Harry,WA,23637,6
595,Brittanys Tacos,+1-531-853-8556,11,06701 Tammy Fall,Lake Jasmine,WY,11891,6
596,Gabrielles Table,(549)627-3187x2,2,581 Lamb Fords,Port Edwardville,WA,43521,3
597,Kyles Grill,097.446.6269x51,6,3930 Susan Land Apt. 216,Christopherville,AL,12630,6
598,Timothys Cafe,+1-581-373-4485,2,86632 Nunez Green Suite 287,East Maria,SD,22243,2
599,Timothys Cafe,(150)573-3807,1,327 Erin Hills,Blakeshire,DC,25320,1
600,Gabrielles Table,558-367-7844,2,025 Nancy Shores,Lake Sabrina,RI,56655,6
601,Michaels Bistro,159.958.9574,11,151 Hunt Terrace Suite 821,South Tracy,OK,83979,1
602,Samuels Corner,001-801-036-210,7,9704 Hall Shore,Robertborough,MO,41422,6
603,Michaels Bistro,5835764931,10,388 Jessica Rapids Suite 402,Bradychester,MA,47578,4
604,Gabrielles Table,042-145-7928,16,163 Frank Shoal,Averyville,WY,84001,8
605,Brittanys Tacos,499-397-1267x88,9,070 Hammond Wells,South Nicholastown,IN,73762,10
606,Brittanys Tacos,(247)358-3327x4,20,676 Brown Corners,Lake Marciashire,MA,79935,6
607,Kyles Grill,710.228.1834x21,4,0397 Samantha Meadow Apt. 051,Johnsmouth,LA,84161,4
608,Michaels Bistro,375.187.9323,14,3078 Sandra Park,Bakermouth,AZ,81953,9
609,Michaels Bistro,7202181071,6,333 Sanders Flats,East Bobby,CA,88289,2
610,Kyles Grill,984.249.7318x21,9,61383 Tammy Haven,Jenniferstad,NY,36398,7
611,Timothys Cafe,(788)173-2735,16,0980 Kennedy Grove,West Taylorchester,WA,73562,5
612,Timothys Cafe,+1-618-196-6799,12,1923 Amy Parkways Apt. 510,New Kevinmouth,NC,43175,10
613,Sherris Diner,029.432.8395x06,11,786 Joseph Avenue,Craigville,MS,75822,4
614,Johns Kitchen,(645)794-8832,10,0631 Jackson Light,North Anthony,RI,85256,9
615,Brittanys Tacos,(052)083-8525x5,4,955 Bridges Station Suite 494,East Anthony,CA,44285,4
616,Timothys Cafe,490-284-0964x23,4,19799 Thompson Mountains Apt. 099,Amytown,KS,94207,2
617,Johns Kitchen,001-778-320-342,1,7895 Ford Loop Apt. 703,North Cody,NH,05873,9
618,Brittanys Tacos,523.016.6800x36,18,6656 Anderson Street,North Andrewton,ND,50087,5
619,Michaels Bistro,+1-256-314-4973,5,876 Green Wall,Estradafort,DC,51241,10
620,Seans House,161-382-7871x87,11,24610 Lam Haven Apt. 490,Sandrahaven,DC,24402,2
621,Michaels Bistro,088-396-8286,12,77879 Yang Springs,Port Jacobshire,OR,07887,10
622,Kyles Grill,+1-867-920-6709,12,254 Pierce Flat Apt. 532,Powersville,KS,72994,7
623,Brians Pizza,210-109-6729x14,19,033 Pineda Loop Apt. 149,Barryland,NM,93458,7
624,Samuels Corner,642.387.1764,17,75087 Alexandria Spring Apt. 364,North Patriciastad,SD,01279,6
625,Timothys Cafe,250.227.2308x40,20,94290 Debra Island,Washingtonville,IN,06455,6
626,Johns Kitchen,080-872-2593,12,0524 Wade Spur,South Donald,GA,93894,4
627,Kyles Grill,001-555-446-466,8,371 Stewart Dale Suite 425,Johnsonfurt,ND,03563,4
628,Michaels Bistro,0520577284,9,100 Lozano Radial,Stevensonburgh,AK,06233,1
629,Brittanys Tacos,773.678.2894x06,7,3113 Duran Throughway Suite 366,North Mario,AR,92760,8
630,Brians Pizza,549-103-5962,19,14826 Stanton Islands,New Anthonyland,CA,86386,8
631,Samuels Corner,550-399-5241,13,60736 Christine Locks Suite 813,East Stephanieland,SC,26397,1
632,Seans House,394.427.0802x14,3,399 Lisa Neck Apt. 801,Atkinsonland,RI,55766,5
633,Kyles Grill,990-953-8419x67,4,4422 Becky Radial Apt. 809,East Nathantown,FL,30633,7
634,Gabrielles Table,080-368-2155,5,153 Anita Estates Apt. 162,Nielsenburgh,TX,97671,2
635,Samuels Corner,376.727.9891,20,918 Amanda Radial,Carolfurt,IN,79999,2
636,Sherris Diner,(950)003-9303x2,4,00303 Stewart Stream,Deanfort,MS,74521,8
637,Brians Pizza,594.295.7229,2,865 Jennifer Rapid,North Jeremy,NH,91744,3
638,Kyles Grill,+1-405-748-8966,19,24114 Rebecca Gateway,Veronicabury,AZ,11642,10
639,Samuels Corner,(485)803-8940x8,7,86434 April Rue,North Michael,NM,87174,6
640,Timothys Cafe,+1-926-425-6091,7,49855 Mueller Islands,Beantown,IL,09456,10
641,Brittanys Tacos,951-476-1804x18,15,713 Williams Point,Lake Amberberg,CO,90134,7
642,Sherris Diner,+1-409-022-8951,4,920 Helen Key Apt. 533,Lake Christineview,NM,51321,4
643,Timothys Cafe,001-410-404-862,3,73262 Fuentes Lodge Suite 598,East Timothyport,OH,45362,10
644,Sherris Diner,176.926.7213x63,18,854 Taylor Meadow,Brendamouth,VT,53310,1
645,Timothys Cafe,(699)195-7801,20,45678 Susan Ferry Apt. 169,Lefort,WA,69163,5
646,Seans House,+1-347-667-4077,11,6941 Vincent Islands,Jenniferport,MN,78041,1
647,Kyles Grill,111.072.6322x54,10,37383 Holly Drive Apt. 200,South Beckyfort,UT,98162,10
648,Timothys Cafe,3529225873,16,8741 Amanda Squares,Melindaland,AL,09892,1
649,Johns Kitchen,208-903-7481x68,7,280 Lin Ways Suite 451,North Jamesfort,NY,24565,8
650,Samuels Corner,8576649391,18,3986 Jordan Keys,Farrellview,MI,73399,5
651,Samuels Corner,001-792-976-374,5,448 Underwood Knolls,Lawrenceside,OH,74432,3
652,Seans House,271.967.2629,2,06204 Cole Dam,West Garyborough,NJ,85787,7
653,Brittanys Tacos,775.046.6699x99,5,1786 Smith Parkways Suite 805,East Lindsey,CT,69001,1
654,Gabrielles Table,755-093-5600,7,1575 Hoffman Road Suite 411,Terrifurt,WY,95391,9
655,Michaels Bistro,308.972.9093,14,0601 Robert Forks Suite 223,Katherineview,OH,14315,9
656,Gabrielles Table,287.650.3883x15,18,55138 Taylor Mall Suite 645,Huffmanfurt,MT,77886,1
657,Samuels Corner,+1-328-384-9352,9,58453 Karen Ports Apt. 363,Kristineborough,MD,14364,6
658,Johns Kitchen,(367)216-6735,18,67947 Reid Alley,South Michelle,OH,44012,1
659,Michaels Bistro,041-250-5435,12,8366 Holmes Lodge Suite 192,Christophermouth,WA,03556,2
660,Johns Kitchen,(772)998-5472x3,12,15748 Angela Divide,Williamschester,GA,66945,8
661,Samuels Corner,001-214-032-095,15,8281 Summer Mount,Port April,MT,98630,2
662,Kyles Grill,9069671136,4,234 Miller Villages,Seanborough,NV,08642,7
663,Brians Pizza,195-562-8416x72,14,18743 Moss Stravenue Suite 420,West Deannachester,VA,29971,5
664,Michaels Bistro,+1-762-747-8219,3,516 Bradley Junction Suite 080,Lake James,DC,32739,5
665,Brittanys Tacos,2910018119,16,59625 Billy Springs,East Williamburgh,VA,96629,6
666,Michaels Bistro,(782)723-8829x1,14,471 Smith Inlet Suite 107,Elliottfort,TX,06090,6
667,Samuels Corner,+1-693-516-8520,17,54217 Martinez Light,North Angelaton,GA,23561,7
668,Kyles Grill,(362)812-2631x1,17,8760 Rice Ways Suite 264,South Benjaminburgh,ME,43771,2
669,Johns Kitchen,+1-973-039-5529,1,14225 Jones Estate,Port Jeffery,MI,59774,9
670,Sherris Diner,417.608.3253,6,47346 James Mill,West Sabrina,MN,90712,6
671,Timothys Cafe,338-123-4315,20,4534 Sara Spring Apt. 027,Martinezview,AL,61899,8
672,Seans House,(139)408-9126,9,6657 Ferguson Tunnel,North Vickie,WV,64810,10
673,Brians Pizza,(514)033-0119,5,103 Jones Ports,East Brookeland,WY,62465,1
674,Michaels Bistro,718-270-2125,10,4263 Christopher Centers,Rogersshire,OR,98570,7
675,Sherris Diner,+1-400-109-2589,2,567 Cristian Lane Suite 036,Port Timothyhaven,MN,39599,5
676,Brittanys Tacos,995.050.0382,19,2191 Price Village,Petersonbury,NM,31563,8
677,Michaels Bistro,874.260.7754x84,2,005 Teresa Crossing Apt. 449,West Joseph,IA,29093,8
678,Johns Kitchen,281.453.8583x09,7,1622 Robert Ports Suite 054,East Justin,CT,86218,2
679,Michaels Bistro,(189)722-8736,13,770 Rivera Alley,South Timothy,GA,50334,6
680,Samuels Corner,+1-212-292-8924,16,2326 Wright Pass Suite 585,Carpenterburgh,MN,02062,10
681,Seans House,1663929954,18,1524 Rodney Vista,Katiechester,MT,78368,2
682,Timothys Cafe,+1-232-032-4982,17,1884 Walter Curve,Richardshire,AL,58451,1
683,Sherris Diner,(385)538-1911x7,3,617 Williams Island,Port Christymouth,AZ,10402,4
684,Brians Pizza,(546)754-6425,6,350 Jacob Row,South Jason,VA,15669,1
685,Timothys Cafe,864-775-9510x27,15,45296 Adams Via,Travisville,SD,58488,1
686,Johns Kitchen,+1-928-079-0712,17,05670 Norris Inlet Suite 514,North Jacobville,MO,15322,3
687,Gabrielles Table,093-048-0012x66,13,3885 Gardner Locks Suite 914,Duranberg,FL,43274,2
688,Brittanys Tacos,001-279-760-817,18,56230 Jose Fall Apt. 512,Hoovershire,LA,18658,6
689,Brians Pizza,(114)927-6648,13,2749 Cole Estates,Moorebury,WI,92322,7
690,Johns Kitchen,864.694.3261x81,13,79113 White Union,East Megan,MA,44530,4
691,Michaels Bistro,(293)984-7326,20,36208 April Mall,Walkerburgh,NH,69317,3
692,Timothys Cafe,568-381-0667,9,4972 Edward Motorway,East Amyview,ME,66548,2
693,Timothys Cafe,+1-546-615-5715,7,2634 Laura Orchard Suite 640,Burnsshire,WA,92098,4
694,Michaels Bistro,001-848-933-499,6,969 Padilla Land Suite 146,Smithberg,VA,02468,6
695,Michaels Bistro,546-456-3928x54,1,483 Cindy Knoll,Josephberg,NC,34646,9
696,Gabrielles Table,270-878-8694,6,806 Samantha Neck Suite 835,Lake Jenniferton,CA,89836,1
697,Johns Kitchen,001-658-622-418,19,92429 Jennifer Path Suite 411,Kingville,WY,31691,1
698,Michaels Bistro,567.463.9159x90,7,6089 Kristin Junctions Apt. 049,Porterton,NE,90656,5
699,Michaels Bistro,(642)343-2096x7,19,12676 Karen Expressway,East Meghanshire,OH,37224,1
700,Samuels Corner,001-824-889-114,1,4362 Jeffrey Locks Apt. 565,Jeffreyburgh,ME,64352,2
701,Brittanys Tacos,543-673-1614x24,17,224 Luis Prairie Suite 002,Donaldport,NC,45905,1
702,Gabrielles Table,0137324233,15,512 Frederick Turnpike Apt. 080,New Juanberg,SC,66640,5
703,Timothys Cafe,+1-054-683-6748,17,698 James Station,Millerfurt,ID,10513,2
704,Sherris Diner,650-852-8558x64,17,5228 Karen Shoal Suite 969,East James,SC,22469,5
705,Seans House,264.477.7760x35,9,702 Garcia Manor,Jameschester,NH,71998,6
706,Johns Kitchen,001-665-712-638,10,96033 Amy Mountain Suite 621,Janestad,WI,15600,10
707,Kyles Grill,+1-597-607-3538,8,271 Mata Common Suite 801,Davisville,KS,10740,7
708,Seans House,001-956-502-568,10,076 Bush Well,Samuelside,SC,32943,5
709,Kyles Grill,779.732.0981,9,67100 Williams Turnpike,Whitemouth,WA,30662,3
710,Michaels Bistro,774.689.4508,18,3828 Richards Highway Apt. 227,Johnbury,DE,53741,3
711,Johns Kitchen,+1-479-162-1897,4,578 Morton Fields,Washingtontown,NC,98475,10
712,Sherris Diner,(951)061-9561,6,5554 Holly Viaduct Apt. 515,Lake Anita,NJ,42978,8
713,Michaels Bistro,189-450-3042x43,8,438 Amanda Loop Suite 652,East Brookechester,TN,88256,2
714,Sherris Diner,+1-815-082-2778,2,703 Frank Tunnel Apt. 382,Shelbymouth,CO,14186,3
715,Kyles Grill,001-720-501-114,18,72183 Robbins Rapid,Schultzstad,OR,76732,6
716,Sherris Diner,915.074.4201x78,8,836 Jason Pines Suite 000,Melanietown,NM,79478,3
717,Samuels Corner,3876520214,10,350 Wood Port Apt. 645,South Sherryborough,CT,10679,10
718,Gabrielles Table,076.979.1159x03,2,29109 Medina Estates Apt. 306,Johnsmouth,MO,95783,7
719,Michaels Bistro,001-553-208-889,5,002 Wolf Fork,North Samantha,DC,50977,8
720,Michaels Bistro,(726)870-0158x3,9,125 Hernandez Ports,New Anthonyshire,ND,14077,2
721,Gabrielles Table,+1-046-380-6202,5,58603 Andrea Cliff Suite 094,Sarafort,HI,20767,9
722,Kyles Grill,5497341656,9,991 Zimmerman Glens,Suttonborough,MD,79698,9
723,Brittanys Tacos,002.889.3603x74,2,951 Baker Ramp Apt. 357,Port Derek,SD,66364,4
724,Seans House,383.184.3527,8,844 Katrina Lodge,Johnnyville,LA,99147,10
725,Brians Pizza,(117)623-4082x6,7,178 Paula Harbors,West Courtney,OK,64920,8
726,Sherris Diner,(452)197-2143x5,18,550 Adams Light Suite 865,North Gregory,IN,61697,8
727,Michaels Bistro,+1-349-110-0455,4,346 Manning Crossroad Suite 104,North Saratown,ND,87042,5
728,Michaels Bistro,(992)342-7348x1,1,5002 Kevin Rapid,Georgefurt,MA,00555,6
729,Brittanys Tacos,965-229-2445x05,12,51760 Monica Ports Suite 243,Lake Michelle,NC,15480,8
730,Sherris Diner,001-000-253-665,20,72946 Jackson Walks Apt. 560,Bullockburgh,NV,75061,4
731,Samuels Corner,493-285-5456x97,12,5553 Ruth Stravenue Suite 815,Ronaldmouth,UT,46770,2
732,Michaels Bistro,468-119-2437x06,11,5463 Kim Shoals Apt. 238,Port Krystal,OK,26504,5
733,Brians Pizza,702-903-6952x20,3,93536 Sherri Wells Apt. 672,New Wanda,VA,16232,5
734,Brians Pizza,327.530.9757x90,18,658 Mccann Meadow Suite 873,New Elizabeth,MN,64211,2
735,Samuels Corner,821-340-1207,9,895 Jeremy Oval,Judithstad,OH,09320,6
736,Seans House,683.498.7253x78,5,4867 Matthew Dam,Lake Dorisstad,NY,33311,9
737,Michaels Bistro,(963)587-3011x6,14,347 Smith Lane,South Michaelfurt,CT,93653,4
738,Brians Pizza,+1-220-572-6303,20,02465 Lopez Station,Lake Davidport,ME,20356,4
739,Seans House,111.759.5323,10,1206 Michael Bridge Apt. 575,Pricefurt,PA,34501,2
740,Kyles Grill,172.556.4481,11,319 Mills Street,Watersshire,PA,98148,2
741,Timothys Cafe,820.071.5271x15,2,233 Megan Gateway,Kathrynhaven,MS,73531,8
742,Brittanys Tacos,875.781.0712,1,744 Shelly Village Apt. 317,Lake Susanborough,DC,33178,1
743,Brittanys Tacos,(910)213-9590x7,12,271 Bell Fords Apt. 023,Mcdonaldshire,VA,05865,4
744,Sherris Diner,(635)157-4856,8,8193 Rodriguez Pines Apt. 940,Kington,MI,63018,1
745,Seans House,667.886.1905,9,721 Ryan Ford Apt. 724,Brittanyborough,SD,79410,4
746,Seans House,001-217-487-615,6,553 Matthews Junction Apt. 366,New Christine,CO,99609,8
747,Brittanys Tacos,122.645.3935x02,9,19005 Quinn Neck Apt. 731,South Evan,PA,12794,7
748,Gabrielles Table,662.805.4040x67,1,01505 Andrea Mountains,Smithberg,NV,45298,4
749,Samuels Corner,515-090-9576,18,600 Christina Cape Apt. 650,Port Kyle,IN,03713,8
750,Brittanys Tacos,(321)094-7128,19,468 Heather Mountains Suite 882,New Catherinemouth,CT,66877,2
751,Sherris Diner,001-225-673-084,4,8200 Alicia Islands Suite 769,East Angelaberg,VT,42423,6
752,Seans House,001-810-697-080,13,980 Hicks Junction Suite 656,Normanchester,MT,65467,4
753,Johns Kitchen,001-477-352-901,9,290 Small Tunnel Suite 539,Port David,AZ,49135,10
754,Brittanys Tacos,800.915.0517,20,2377 Whitehead Island,West Emilybury,ME,91157,9
755,Brittanys Tacos,001-891-230-030,18,5976 Betty Point Suite 425,Erikahaven,VA,75481,9
756,Kyles Grill,(084)844-9308x7,7,88102 Taylor Plaza,West Oscar,UT,32398,6
757,Brians Pizza,(206)735-3098x0,15,1309 Wright Hills,Rodriguezborough,KY,06307,5
758,Samuels Corner,(153)130-3098x4,8,73637 Escobar Forge Suite 570,Johntown,FL,06058,8
759,Gabrielles Table,+1-018-884-8318,11,30506 Thomas Meadows Suite 001,Smithside,MS,74928,3
760,Sherris Diner,(703)256-8374x9,9,889 Bridges Light Suite 512,Garyshire,VT,86583,9
761,Gabrielles Table,(755)342-7225,7,093 Odom Roads Apt. 213,East Laura,SD,46714,2
762,Sherris Diner,+1-900-221-8290,19,48528 Sean Trace Apt. 205,Davidville,AL,98081,3
763,Brians Pizza,768-161-9017x37,13,330 Mark Glen,South Randallshire,NM,46211,4
764,Brittanys Tacos,001-858-217-810,5,55730 Turner Street Suite 116,South David,NV,80985,6
765,Seans House,794-220-5670,15,8048 Peterson Villages Apt. 109,Heatherville,UT,22069,7
766,Brians Pizza,276-883-9290x28,8,227 Jason Mews Apt. 473,Laurieburgh,ID,88480,8
767,Seans House,8800442293,14,14519 Christina Shore Suite 213,Weaverhaven,MO,63164,10
768,Brians Pizza,+1-288-534-1189,12,369 Scott Island Suite 092,West Donald,GA,35152,9
769,Brittanys Tacos,415.700.6190,5,2063 Hannah Village Suite 341,Christianland,NH,75669,4
770,Gabrielles Table,580.260.3244x70,16,5177 Armstrong Run Apt. 306,Port Matthewport,MI,19398,7
771,Samuels Corner,001-476-983-328,3,71407 Hernandez Meadow Suite 084,East Lori,NM,84100,4
772,Seans House,175-749-9036,16,5167 Lewis Alley Suite 439,North Frank,CO,55869,2
773,Kyles Grill,4263241377,6,542 Cooper Freeway,West Timothyton,MT,69083,5
774,Timothys Cafe,973-967-8115x98,15,182 Matthews Glens,Roblesland,SD,35957,7
775,Sherris Diner,001-191-553-533,6,6176 Christine Plains Apt. 587,South Traviston,ID,20989,3
776,Seans House,+1-449-628-0471,6,31983 Gonzalez Rapids,New Anna,MT,58685,5
777,Michaels Bistro,+1-037-853-8297,7,280 Hawkins Knoll,Jessicamouth,HI,67650,10
778,Sherris Diner,+1-918-913-5943,19,95769 Steven Radial,Berryhaven,UT,60551,2
779,Michaels Bistro,001-364-805-793,16,603 Hill Stream Suite 692,East Cameron,TN,34641,3
780,Johns Kitchen,171-381-6484,6,634 Scott Extension,Smithtown,VT,50734,8
781,Johns Kitchen,(483)886-5979,10,01153 Miller Tunnel Apt. 103,South Gregory,AL,56199,2
782,Gabrielles Table,(303)337-1471x5,1,628 Delgado Mill Apt. 549,New Zacharyfort,VA,55300,2
783,Timothys Cafe,+1-621-389-1697,10,86567 Sherry Pine,West Kristinberg,TX,55525,4
784,Seans House,536.792.8908x91,6,31377 Evan Forges Apt. 393,New Olivia,TN,52514,1
785,Brittanys Tacos,093.545.4188x63,6,73735 Wanda Point Suite 240,Ashleyfort,HI,61527,8
786,Brittanys Tacos,001-957-472-147,13,45148 Ronald Drive Suite 524,Lake Daisy,AZ,63946,3
787,Brittanys Tacos,+1-161-688-1483,20,35939 Abigail Knoll Apt. 571,Robertburgh,GA,99272,5
788,Timothys Cafe,664-137-3052,7,09647 Hall Grove Apt. 713,New Jared,NJ,08256,1
789,Brittanys Tacos,+1-239-352-0726,3,3251 Melinda Junction Suite 465,Lake Joseph,OH,12317,8
790,Seans House,239-499-5392,5,7938 James Islands Apt. 706,Lake Nicholas,OK,45241,9
791,Brians Pizza,116-388-8058x58,3,78427 Lopez Alley,New Marilyn,CT,37827,8
792,Samuels Corner,(032)787-2338,14,72359 Sparks Summit,East Mary,AL,04644,6
793,Kyles Grill,173-544-5172x20,8,3436 Ashley Spring Apt. 910,South Joshuashire,AR,97392,5
794,Brittanys Tacos,(561)945-6782x7,15,9900 Raymond Canyon Suite 349,North Kim,HI,63994,2
795,Johns Kitchen,001-860-689-300,13,0209 Lara Fall,Morganbury,OK,92047,9
796,Kyles Grill,(237)402-8048,4,16627 Robert Spurs,Lake Danny,WI,80020,2
797,Brittanys Tacos,(420)015-6753,17,212 Carson Cove,Keithstad,HI,44960,6
798,Samuels Corner,+1-575-152-1959,5,21740 Greer Cape Suite 028,Esparzachester,ME,27100,7
799,Sherris Diner,708-160-6287x88,1,774 Long Island Suite 340,West Brandytown,NC,90219,4
800,Michaels Bistro,(567)173-4312x2,20,923 Laura Forks,Derekberg,NH,94196,3
801,Brittanys Tacos,393.781.5067x67,4,273 Christopher Terrace,Kristenhaven,MO,13378,7
802,Brians Pizza,184.409.2656x44,13,9306 Morris Fall Apt. 251,Riosfurt,OR,58771,9
803,Timothys Cafe,072.696.3079,13,7482 Jessica Union,Lake Anthony,TN,67698,7
804,Gabrielles Table,605-210-2178x47,1,438 Tristan Corners Suite 647,Port Angela,WV,83060,9
805,Seans House,0889876739,4,0567 Carrie Fords,Tracyfurt,CO,18900,6
806,Timothys Cafe,001-817-781-496,1,1100 Taylor Harbor Apt. 675,Hooperton,NE,66355,1
807,Johns Kitchen,001-618-759-494,2,9851 Anderson Keys Apt. 117,East Susan,CT,03338,8
808,Brittanys Tacos,(331)366-3810x8,5,0026 Cobb Junctions Apt. 309,Brownborough,WI,05211,5
809,Brittanys Tacos,+1-349-985-8152,8,47737 Calhoun Vista,Lisastad,AK,23222,6
810,Michaels Bistro,+1-926-983-0056,3,5716 Brian Motorway,Bakerfurt,HI,92509,2
811,Michaels Bistro,001-289-191-496,9,7956 Ellis Mission,Petertown,PA,89892,1
812,Seans House,(476)553-8312x2,5,70575 Amanda Vista,Frazierside,NY,81193,7
813,Johns Kitchen,+1-695-231-3628,20,663 George Avenue,West Susan,ME,66791,7
814,Timothys Cafe,+1-316-388-0989,1,391 Baxter Lakes Suite 528,West Linda,VA,52217,4
815,Johns Kitchen,159-862-5830,1,2566 Jeffrey Alley,Lake Davidhaven,AR,42508,5
816,Sherris Diner,695.963.3504x91,4,32863 Donald Shoals Suite 961,Lake Collin,AR,93327,4
817,Brians Pizza,+1-361-890-2582,18,15207 Nichols Via Suite 654,New David,CT,43128,7
818,Samuels Corner,001-286-329-719,11,3193 Valerie Pine,Sanderstown,UT,92815,3
819,Seans House,235-865-7624x90,3,085 Joseph Mountain Apt. 587,Williamsshire,CT,36186,10
820,Sherris Diner,(590)930-0281x9,7,459 Miles Islands Apt. 591,Benjaminchester,IL,07674,5
821,Brians Pizza,838.386.9617,5,5809 Danielle Park Suite 853,Phillipsbury,OR,60775,9
822,Michaels Bistro,001-494-065-583,16,5035 Diaz Cove,Janetton,FL,41293,10
823,Samuels Corner,+1-738-720-9037,19,288 Tyler Fall,New Joelland,AZ,97393,8
824,Samuels Corner,436-235-6414x65,15,7325 John Greens Apt. 978,West Darinton,VA,07438,9
825,Sherris Diner,868-469-1380x47,6,5504 Galloway Coves,West Christopherville,NY,49570,7
826,Johns Kitchen,+1-384-678-8674,10,10319 Erica Cape,South Staceyland,MS,21898,2
827,Kyles Grill,550.097.2835,11,8330 Carson Isle Suite 010,North Adrienneshire,MO,59683,1
828,Kyles Grill,465.536.1733x82,16,58818 Costa River Apt. 330,Ortizton,NV,24633,4
829,Brittanys Tacos,+1-443-525-2158,5,525 Vincent Loop,Breannashire,VT,87029,2
830,Brittanys Tacos,+1-167-591-2974,8,257 Jacob Harbor Suite 821,East Dillonland,SC,84895,4
831,Samuels Corner,+1-531-580-8088,2,657 Joseph Heights Apt. 938,Karaport,FL,32921,2
832,Kyles Grill,937-690-2518x99,18,2230 Janet Court,Kevinbury,FL,45490,1
833,Gabrielles Table,6973856922,9,89988 Deanna View,West Michael,SD,32853,1
834,Michaels Bistro,(877)685-8601x4,18,8885 Kim Springs Apt. 479,Leeburgh,SD,92980,10
835,Brittanys Tacos,001-502-829-071,4,125 Aaron Burgs,Lake Charles,GA,18315,5
836,Sherris Diner,001-107-352-319,1,84543 Green Cove,East Lisa,NV,79355,4
837,Brittanys Tacos,+1-891-978-7555,2,950 Kemp Meadows,Rachelland,WA,31831,2
838,Brians Pizza,6760691239,4,16050 Bates Viaduct Apt. 418,Jessicaside,AL,97961,9
839,Brians Pizza,737-607-7646,18,796 Carolyn Lock Apt. 443,New Dorothytown,PA,82076,2
840,Gabrielles Table,774.072.4488x02,10,77626 Walker Drives,New Tyrone,TN,88417,5
841,Gabrielles Table,+1-768-718-3991,4,299 Misty Circles,Taylorburgh,VA,13216,4
842,Brittanys Tacos,4330317610,17,97042 Ibarra Glens,West Lindseyberg,DC,66379,10
843,Samuels Corner,(283)849-8385,14,96161 Rebecca Turnpike Apt. 641,North Stevenchester,MS,46935,7
844,Brians Pizza,(343)856-2996,5,80299 White Neck,Samanthafort,SC,30572,7
845,Brittanys Tacos,+1-863-461-4530,1,891 Lori Wells,Cartermouth,NV,38207,7
846,Kyles Grill,(345)774-7742,8,23815 Colin Crossing Apt. 038,Nicolefort,NJ,15081,2
847,Kyles Grill,506-971-7191x23,1,30847 Dustin Loop,Lake Leahmouth,NE,19641,4
848,Samuels Corner,187.110.5483,8,3164 Black Crossing Apt. 788,North Jessicastad,DE,13678,5
849,Timothys Cafe,229-778-8158,14,1413 Beck Heights Suite 370,Woodsstad,HI,15381,8
850,Sherris Diner,001-809-633-899,13,372 Jill Isle,Lake Elizabethview,WV,97456,4
851,Brians Pizza,+1-595-383-5311,5,73402 Lane Throughway Apt. 418,Lake Pamelamouth,VA,28479,3
852,Michaels Bistro,610.984.3932x87,12,21306 John Via,Joneston,TN,76842,4
853,Brittanys Tacos,+1-063-435-3302,10,10219 Benjamin Walks Apt. 418,New Phillipstad,OK,67600,6
854,Brians Pizza,644-508-1162,8,3720 Riley Mission,South Thomasborough,ME,55410,5
855,Johns Kitchen,597.280.8140x33,13,220 Adkins Fords,Stantontown,AR,90322,10
856,Sherris Diner,186-074-8636x72,4,52899 Alexandra Mountains,West Lesliebury,NM,13068,5
857,Seans House,3532225230,16,73546 Gabriel Fields Suite 338,Natalieshire,ME,49850,1
858,Johns Kitchen,512.037.4524,6,742 Kevin Lane,South Kellyburgh,OK,33351,2
859,Kyles Grill,200-394-9044,4,8658 King Islands Suite 462,Lake Christopherside,TN,09765,3
860,Kyles Grill,755-722-2997x71,8,9997 Middleton Turnpike Apt. 090,Youngside,VT,80396,9
861,Brittanys Tacos,(700)723-5318x7,4,897 Veronica Alley Apt. 478,Julieberg,LA,29870,10
862,Gabrielles Table,001-636-708-394,10,91121 Joshua Rue,West Garrett,WY,69706,8
863,Brittanys Tacos,001-949-717-710,12,729 Kayla Fork Apt. 300,Castroberg,AL,19683,5
864,Brians Pizza,(053)334-3561,3,18890 Stanton Plains,Rodriguezmouth,FL,75876,4
865,Brittanys Tacos,571.606.2900,20,252 James Points,East Jennifer,IA,49626,3
866,Sherris Diner,001-885-197-463,11,2232 Erica Gateway Apt. 653,West Mary,NC,32820,6
867,Sherris Diner,001-966-077-850,4,26338 Key Drive Apt. 766,North Kathytown,WA,02974,2
868,Timothys Cafe,(997)958-2530,12,43026 Williams Corners Suite 064,East Angelaview,WV,54896,3
869,Sherris Diner,(146)683-0347,3,16525 Schmitt Springs,Adamville,AL,09002,3
870,Sherris Diner,+1-865-564-8159,2,081 Timothy Drives Apt. 960,Henryside,FL,42005,6
871,Michaels Bistro,141.098.3351,20,6887 Kayla Knoll Apt. 418,Ashleyton,HI,60868,8
872,Seans House,013-050-4672x74,5,36998 Joel Station Apt. 820,West David,VA,88792,3
873,Sherris Diner,111.016.8378,6,8537 Carrie Vista,Sharpberg,NC,55002,1
874,Gabrielles Table,8003146846,14,5843 Cameron Wells Apt. 035,Markbury,WY,02416,8
875,Kyles Grill,(509)395-6759,17,95748 Malone Stravenue Suite 932,South Edward,RI,15595,7
876,Seans House,(431)142-1195,11,03164 Moore Curve,Lake Kimberlyville,KY,37255,6
877,Samuels Corner,(376)265-0861x6,20,04769 Ryan Ville,Kathleenport,MA,57308,1
878,Michaels Bistro,781.979.8005,6,930 Angela Springs,Jimenezport,IA,48304,3
879,Sherris Diner,001-226-539-746,14,65659 Mario Burgs,East Meghan,ME,06567,5
880,Michaels Bistro,+1-952-380-3671,5,38302 Richard Villages,Woodville,MO,71785,2
881,Johns Kitchen,148.936.3617x22,10,79817 Brown Island Suite 531,Ashleyburgh,MN,66598,3
882,Sherris Diner,(280)967-2408,20,4777 Alexandra Fields,Lake Charlesside,WY,40421,1
883,Michaels Bistro,+1-052-078-1911,10,459 Frank Corners,Lake Christine,MO,79262,10
884,Brians Pizza,001-035-693-154,12,46132 Nicholas Extensions,West Ryanberg,HI,46234,6
885,Brittanys Tacos,(640)927-6287,4,509 Ward Parks Apt. 413,New Joanland,HI,45725,8
886,Seans House,639.539.8219x63,9,888 Michael Street,Williamsborough,NY,80566,10
887,Samuels Corner,(720)337-5141x0,16,65834 Manning Locks,Bakerton,MI,01000,1
888,Kyles Grill,242-101-5044,12,108 Crawford Common Suite 173,Claytonberg,IN,60588,8
889,Sherris Diner,001-796-657-035,9,29925 Woodard Station Apt. 480,New Edwardhaven,NC,03614,4
890,Kyles Grill,(251)285-0465,3,53419 Blanchard Center,Lake Jordan,NY,18439,8
891,Brians Pizza,2208764313,1,8397 Tina Circles Apt. 227,East Brianbury,DE,56382,2
892,Kyles Grill,6107536353,5,933 Mckay Drive,New William,NC,67864,1
893,Brittanys Tacos,909-565-3429,5,0120 David Islands,Hurleybury,VA,34873,1
894,Kyles Grill,756.424.7633x87,11,428 Jon Via,South Timothychester,CA,81185,10
895,Brians Pizza,(298)778-4225,5,22106 Danny Springs Apt. 754,North Teresa,ND,25016,5
896,Kyles Grill,318.452.4226,13,9931 Williams Highway,Lake Michaelville,OH,42801,4
897,Timothys Cafe,9084650127,15,25199 Justin Inlet Suite 938,Jenningsmouth,SC,95063,9
898,Johns Kitchen,(725)982-9652,16,60626 Kent Via Apt. 258,South Kimberlyton,NJ,97384,9
899,Samuels Corner,+1-423-217-6572,3,15218 Jessica Junctions,Andersonville,NJ,48840,3
900,Michaels Bistro,001-726-077-856,4,549 Swanson Crescent Suite 048,Shannonbury,VA,07725,3
901,Seans House,564-577-6065x41,19,53003 Tracy Rapids Apt. 944,Erictown,AZ,25847,2
902,Seans House,424.035.0044x52,14,69588 Aguilar Mountains Apt. 242,Shawport,OH,34379,2
903,Kyles Grill,(694)587-0419x4,9,397 George Cape,Bryanthaven,OK,47212,5
904,Johns Kitchen,122.766.4477,5,99514 Vernon Place,Gentryborough,DC,23321,6
905,Johns Kitchen,(894)155-7579,3,814 Shelley Pike Suite 872,Aaronland,LA,72070,8
906,Brians Pizza,181-578-0950,11,044 Stephen Rest,Ashleyland,KY,46587,8
907,Johns Kitchen,001-268-597-369,5,18367 Jane Mount Apt. 385,South Kristy,VA,04394,6
908,Samuels Corner,001-965-298-888,6,7610 Bowen Pine,East Jacob,VT,78990,9
909,Johns Kitchen,273-000-2599x67,13,36441 Melinda Station,New Amanda,NV,05543,5
910,Kyles Grill,292.911.0370x40,12,8872 Roth Crest Suite 115,Heidiborough,NV,18609,8
911,Michaels Bistro,045-799-3807x07,11,71148 Wood Manors,Jenkinstown,HI,65878,5
912,Gabrielles Table,+1-514-140-6171,16,4001 Clark Common,Port Coreytown,FL,74499,6
913,Johns Kitchen,254-872-7372x52,14,1330 Daniel Rapids,Rodriguezfort,DC,89632,8
914,Brittanys Tacos,+1-738-069-7384,16,263 Bryce Roads,North Williamborough,SC,30019,1
915,Samuels Corner,+1-583-063-7442,14,49382 Schmitt Path Apt. 765,East Melaniestad,LA,15657,6
916,Gabrielles Table,+1-368-477-1553,20,224 Christina Expressway Suite 906,Amandaport,PA,86973,5
917,Brians Pizza,2233816219,11,5267 Washington Junctions,Port Kevinton,NE,11266,6
918,Seans House,001-477-374-214,5,09226 Ray Crescent,New Roymouth,SC,67256,9
919,Seans House,034.631.9271,8,99271 Leslie Underpass Apt. 768,Williamsview,AZ,98764,10
920,Timothys Cafe,+1-339-570-5939,13,8849 Sharon Plaza,Lake Jade,AZ,80592,8
921,Samuels Corner,132.327.4656x00,14,224 Bobby Ways Apt. 694,Port Ryanville,HI,96211,2
922,Brittanys Tacos,314-567-7510,18,5206 Smith Village Suite 580,Jasonland,IN,91413,5
923,Timothys Cafe,229.751.0625,16,289 David Station,West Spencer,NM,64642,9
924,Timothys Cafe,(802)360-7720x5,18,582 Salinas Plain,Jeffreybury,DC,74408,1
925,Timothys Cafe,142-547-7960,18,9254 Pierce Plains Suite 226,Lake Janefurt,FL,87243,3
926,Timothys Cafe,2715209069,16,61866 Thompson Burg Apt. 054,Lake Victoriaburgh,SC,74040,7
927,Michaels Bistro,955.179.0356,18,7400 Randolph Fields,New Marcusville,TN,06254,4
928,Timothys Cafe,469.340.1277x99,18,513 Howard Via,Sandraview,SD,78023,3
929,Brittanys Tacos,503.014.3013x97,8,11829 Alexandra Fords Apt. 806,Port Reneeshire,CO,61806,6
930,Brittanys Tacos,635.702.8617x93,13,18197 Chan Divide,West Tylermouth,NC,61444,8
931,Samuels Corner,+1-886-789-7090,3,3759 Carrie Rest Suite 061,West Jeffery,KS,34319,1
932,Johns Kitchen,001-157-776-606,19,386 Andrew Lock,West Grantside,WY,82018,4
933,Timothys Cafe,380.695.3817x50,14,759 Wallace Rapids,Lake Denise,KY,84230,10
934,Timothys Cafe,266-384-5316x99,17,8949 Keith Haven Apt. 684,Aimeefort,HI,66655,7
935,Kyles Grill,230.196.5162x07,19,89053 Black Neck,West Alex,MI,98588,6
936,Johns Kitchen,867.395.2841,8,31457 Christopher Rapid,Ryanview,VA,37562,4
937,Seans House,(996)863-9409x1,3,47827 Wall Manors,Sanderstown,MI,51331,2
938,Brittanys Tacos,275-376-1750x83,8,679 Luis Lakes Suite 065,South Robertland,MA,26190,4
939,Sherris Diner,872-431-5586x77,12,13655 Petty Square,Ricardobury,LA,82257,7
940,Johns Kitchen,(499)810-3396,1,5310 Giles Spurs,West Christian,MS,58225,2
941,Samuels Corner,325.097.2567,7,25208 Bell Crescent Apt. 272,Brandonport,WA,43243,5
942,Kyles Grill,(682)607-1692,1,1922 Valerie Points Apt. 108,South Anthony,IL,79628,9
943,Gabrielles Table,7451287862,12,01183 Miguel Courts Apt. 065,East Anthonyview,CO,34885,8
944,Brians Pizza,(336)565-6663x9,18,88469 Johnny Alley,Carmenhaven,TX,69708,9
945,Michaels Bistro,(587)611-9359x9,16,05479 Clark Oval Suite 539,North Jeffreyfort,WI,72043,3
946,Timothys Cafe,219.436.8153x38,5,4951 Michele Mills,Collinsland,MI,92654,5
947,Seans House,9568866571,4,47157 Rodriguez Unions Apt. 465,Garciastad,AR,24018,6
948,Samuels Corner,937.220.9000x16,2,03872 Brennan Plains,West Davidberg,DE,99767,6
949,Seans House,+1-828-408-1698,12,3541 Rodriguez Rue Suite 166,Arthurport,SD,09829,7
950,Gabrielles Table,+1-506-423-9459,12,252 Megan Mill,Martinton,VA,35496,10
951,Brittanys Tacos,001-161-965-557,5,96554 Collins Path,Garciatown,MI,07107,7
952,Michaels Bistro,+1-896-792-7725,10,5432 Kaitlyn Roads,Hoffmanland,CO,67223,5
953,Johns Kitchen,187.204.6594x96,15,402 Allen Plain Suite 381,Nancymouth,RI,67446,5
954,Timothys Cafe,3964063016,5,112 Boyle Corners Suite 994,South Lisaburgh,FL,72039,4
955,Johns Kitchen,638-546-9220x96,18,493 Alvarez Route Suite 605,Grimesmouth,MT,78894,1
956,Timothys Cafe,+1-771-352-5133,14,21995 Erin Mission,Lake Stephanieberg,CA,04786,10
957,Johns Kitchen,320.942.2626x29,8,75058 Evans Corner,East Derek,GA,99424,9
958,Timothys Cafe,+1-274-424-7221,7,13542 Jordan Islands Apt. 714,Adamsmouth,VA,28336,6
959,Seans House,522-359-1641x95,8,493 Kayla Junctions,Marymouth,NM,24643,10
960,Michaels Bistro,(167)424-8485,2,66556 Dunn Valley Suite 249,Riceborough,OR,35623,2
961,Samuels Corner,489.312.8284x78,5,952 Billy Freeway,North Edwinmouth,NM,77551,7
962,Seans House,7332483719,4,8059 Paula Court,New Michael,KS,51971,8
963,Brittanys Tacos,417-080-2356x11,5,278 Campbell Ridges Apt. 645,Carmenberg,UT,62545,10
964,Samuels Corner,6505231031,13,256 Kelly Key,West Brianamouth,PA,98938,6
965,Kyles Grill,303.328.3614x81,1,61041 Michael Canyon,West Abigailberg,VT,77220,5
966,Timothys Cafe,001-265-904-382,14,0383 Bond Isle Suite 310,Bondstad,PA,94646,2
967,Brittanys Tacos,(384)910-9810,12,02550 Tonya Walk,South Valerieland,MD,31170,1
968,Seans House,001-495-723-634,2,684 Gibson Island,Lake Allisonfurt,MS,67047,8
969,Kyles Grill,2887228629,4,58707 Chelsea Circle,Jamesview,MS,31635,3
970,Brittanys Tacos,+1-542-656-3353,19,858 Michael Land Apt. 915,Murillomouth,SC,90305,8
971,Brians Pizza,128-085-4707,3,9591 Brian Shoal,Lake Brenda,CT,49306,3
972,Samuels Corner,201-690-9851x30,16,92349 Kramer Track Suite 913,Rachelberg,AZ,96509,9
973,Michaels Bistro,+1-584-971-6183,20,2949 Moore Lane Apt. 010,North Davidstad,ID,65160,5
974,Sherris Diner,966.345.3163,6,7327 Ibarra Drive Suite 662,Sophiaville,WV,50135,10
975,Gabrielles Table,(191)255-8822,1,216 Ryan Path Apt. 978,Robertmouth,SD,53315,9
976,Samuels Corner,974.554.3506x82,5,638 Carolyn Street Suite 860,Kevinport,OK,73019,3
977,Gabrielles Table,001-925-178-486,12,1244 Rivera Vista Suite 200,Moranhaven,OR,03483,5
978,Johns Kitchen,149.709.1538,5,120 Ashlee Courts Suite 927,Christopherfort,DE,02348,8
979,Sherris Diner,+1-223-828-8927,3,0416 Hall Run Apt. 329,Julieview,MA,65112,5
980,Seans House,1012553719,8,35907 Debra Pike,Laurashire,NY,90818,2
981,Kyles Grill,788-160-0024x00,3,083 Zachary Gardens Suite 812,Gutierrezfort,MS,87672,5
982,Brians Pizza,+1-032-890-2317,1,983 Roberto Dam Apt. 726,Lindabury,FL,69864,1
983,Gabrielles Table,+1-741-695-8524,19,9995 Wallace Drive,West Jerry,DC,47510,8
984,Seans House,8511807858,14,234 Miller Hill Apt. 199,Powellhaven,FL,62583,1
985,Sherris Diner,001-652-159-718,5,02881 Peters Fords Suite 657,Port Stephaniemouth,RI,35661,4
986,Seans House,+1-997-704-0106,6,309 Sims Turnpike Suite 775,Levyberg,NM,59050,5
987,Kyles Grill,001-035-672-443,16,0848 Gomez Drive,South Michaelberg,WA,37548,10
988,Seans House,+1-048-045-8667,5,361 Wilson Trail,Mcbridechester,MD,43017,2
989,Gabrielles Table,001-775-782-541,17,97928 Rebecca River Apt. 733,Leahside,DE,06024,1
990,Michaels Bistro,499.875.2147,10,9567 Belinda Lakes Apt. 233,Ashleychester,TN,94805,8
991,Michaels Bistro,+1-218-021-5347,16,1062 George Way Suite 067,Andreaburgh,IN,57707,5
992,Michaels Bistro,(131)386-5033,14,07788 Karen Rapid,New Clarencemouth,CT,74670,1
993,Sherris Diner,001-463-636-399,11,7597 White Centers Apt. 944,North Rodney,GA,69931,7
994,Kyles Grill,+1-334-258-5911,15,491 Jordan Rapids,Lake Stephen,OR,76949,6
995,Kyles Grill,9842061971,1,8780 Foley Gateway,Turnerton,NM,16069,1
996,Brittanys Tacos,001-298-200-497,10,9299 Lance Lodge Apt. 455,West Amberberg,CO,04909,1
997,Johns Kitchen,936.565.4168,4,45999 Thomas Alley,Roseborough,LA,42901,5
998,Sherris Diner,440-615-5775,5,1296 David Expressway,Benjaminmouth,KY,34904,3
999,Timothys Cafe,801.571.8521,2,7680 Bowman Estates Suite 799,Port Danielhaven,NV,46494,6
1000,Brittanys Tacos,001-810-390-687,2,406 Norman View Apt. 213,South Christina,VT,41955,5
